fromService,fromRegion,toService,toRegion
account-settings-airboard,hk,account-settings-airboard,hk
account-settings-webapp,hk,account-settings-webapp,hk
account-settings-webapp,sg,account-settings-webapp,sg
accounting-jobs,sg,accounting-jobs,sg
accounting-jobs,hk,accounting-jobs,hk
accounting-oracle,hk,accounting-oracle,hk
accounting-oracle,sg,accounting-oracle,sg
accountingservice,sg,accountingservice,sg
accountingservice,hk,accountingservice,hk
addfundsgraphql,hk,addfundsgraphql,hk
addfundsgraphql,sg,addfundsgraphql,sg
address-service,sg,address-service,sg
airboard-ng-kyc-service,unknown,airboard-ng-kyc-service,unknown
airboard-ng-kyc-service,sg,airboard-ng-kyc-service,sg
airboard-ng-kyc-service,hk,airboard-ng-kyc-service,hk
airboard-ng-rfi-service,sg,airboard-ng-rfi-service,sg
airboard-ng-rfi-service,hk,airboard-ng-rfi-service,hk
airboard-ng-scale-service,hk,airboard-ng-scale-service,hk
airboard-ng-scale-service,unknown,airboard-ng-scale-service,unknown
airboard-ng-workflow-service,hk,airboard-ng-workflow-service,hk
airboard-risk-postmonitoring-graphql,hk,airboard-risk-postmonitoring-graphql,hk
airboard-risk-postmonitoring-graphql,sg,airboard-risk-postmonitoring-graphql,sg
airboard-rule-graphql,hk,airboard-rule-graphql,hk
airboardng-api,alihk,airboardng-api,alihk
airboardng-api,sg,airboardng-api,sg
airwallex-airboard-ng-auth-graphql-server,sg,airwallex-airboard-ng-auth-graphql-server,sg
airwallex-compliance-tm-manager,alihk,airwallex-compliance-tm-manager,alihk
airwallex-compliance-tm-manager,hk,airwallex-compliance-tm-manager,hk
airwallex-compliance-tm-manager,sg,airwallex-compliance-tm-manager,sg
airwallex-tm-case-management,sg,airwallex-tm-case-management,sg
airwallex-tm-case-management,alihk,airwallex-tm-case-management,alihk
airwallexpayclearing,sg,airwallexpayclearing,sg
airwallexpaygraphql,hk,airwallexpaygraphql,hk
airwallexpayservice,hk,airwallexpayservice,hk
airwallexpayservice,sg,airwallexpayservice,sg
ali-prod-hk-airstream-api,hk,ali-prod-hk-airstream-api,hk
ali-prod-hk-billing-center-publisher,hk,ali-prod-hk-billing-center-publisher,hk
ali-prod-hk-conversion-api,hk,ali-prod-hk-conversion-api,hk
ali-prod-hk-conversion-monitor,hk,ali-prod-hk-conversion-monitor,hk
ali-prod-hk-conversion-processor,hk,ali-prod-hk-conversion-processor,hk
ali-prod-hk-fx-dashboard-api,hk,ali-prod-hk-fx-dashboard-api,hk
ali-prod-hk-fx-order-graphql-api,hk,ali-prod-hk-fx-order-graphql-api,hk
ali-prod-hk-gtpn-bridge,hk,ali-prod-hk-gtpn-bridge,hk
ali-prod-hk-notification-engine,hk,ali-prod-hk-notification-engine,hk
ali-prod-hk-open-position-api,unknown,ali-prod-hk-open-position-api,unknown
ali-prod-hk-order-api,hk,ali-prod-hk-order-api,hk
ali-prod-hk-order-notifier,hk,ali-prod-hk-order-notifier,hk
ali-prod-hk-order-processor,hk,ali-prod-hk-order-processor,hk
ali-prod-hk-order-triggerer,hk,ali-prod-hk-order-triggerer,hk
ali-prod-hk-pricing-api,hk,ali-prod-hk-pricing-api,hk
ali-prod-hk-quote-api,hk,ali-prod-hk-quote-api,hk
ali-prod-hk-settlement-api,hk,ali-prod-hk-settlement-api,hk
ali-prod-hk-timeseries-api,hk,ali-prod-hk-timeseries-api,hk
ali-prod-hk-trading-api,hk,ali-prod-hk-trading-api,hk
ali-prod-hk-wallet-event-listener,hk,ali-prod-hk-wallet-event-listener,hk
ali-prod-tk-airstream-api,unknown,ali-prod-tk-airstream-api,unknown
ali-prod-tk-airstream-bridge,unknown,ali-prod-tk-airstream-bridge,unknown
ali-prod-tk-apm-spot-price-aggregator,unknown,ali-prod-tk-apm-spot-price-aggregator,unknown
ali-prod-tk-apm-spot-price-calculator,unknown,ali-prod-tk-apm-spot-price-calculator,unknown
ali-prod-tk-entrepot-blotter-stream,unknown,ali-prod-tk-entrepot-blotter-stream,unknown
ali-prod-tk-entrepot-keeper,unknown,ali-prod-tk-entrepot-keeper,unknown
ali-prod-tk-execution-monitor,unknown,ali-prod-tk-execution-monitor,unknown
ali-prod-tk-execution-signaler,unknown,ali-prod-tk-execution-signaler,unknown
ali-prod-tk-fx-dashboard-api,unknown,ali-prod-tk-fx-dashboard-api,unknown
ali-prod-tk-fx-event-demux,unknown,ali-prod-tk-fx-event-demux,unknown
ali-prod-tk-hedger,unknown,ali-prod-tk-hedger,unknown
ali-prod-tk-jsb-ct-adapter,unknown,ali-prod-tk-jsb-ct-adapter,unknown
ali-prod-tk-ledger-feed,unknown,ali-prod-tk-ledger-feed,unknown
ali-prod-tk-liquidity-engine,unknown,ali-prod-tk-liquidity-engine,unknown
ali-prod-tk-lp-price-publisher,unknown,ali-prod-tk-lp-price-publisher,unknown
ali-prod-tk-position-keeper,unknown,ali-prod-tk-position-keeper,unknown
ali-prod-tk-price-event-service,unknown,ali-prod-tk-price-event-service,unknown
ali-prod-tk-price-monitor,unknown,ali-prod-tk-price-monitor,unknown
ali-prod-tk-pricing-api,unknown,ali-prod-tk-pricing-api,unknown
ali-prod-tk-pricing-engine,unknown,ali-prod-tk-pricing-engine,unknown
ali-prod-tk-ref-rates-feed,unknown,ali-prod-tk-ref-rates-feed,unknown
ali-prod-tk-ref-rates-feed-eu,unknown,ali-prod-tk-ref-rates-feed-eu,unknown
ali-prod-tk-timeseries-api,unknown,ali-prod-tk-timeseries-api,unknown
ali-prod-tk-trade-event-service,unknown,ali-prod-tk-trade-event-service,unknown
ali-prod-tk-trade-event-transformer,unknown,ali-prod-tk-trade-event-transformer,unknown
ali-prod-tk-trading-api,unknown,ali-prod-tk-trading-api,unknown
ali-prod-tk-visa-fx-adapter,unknown,ali-prod-tk-visa-fx-adapter,unknown
amazonpaymentproviderservice,hk,amazonpaymentproviderservice,hk
amazonpsppenrollment,hk,amazonpsppenrollment,hk
amazonpsppenrollment,sg,amazonpsppenrollment,sg
apiaggregator,hk,apiaggregator,hk
app-billing,sg,app-billing,sg
app-billing,hk,app-billing,hk
app-billing-api,sg,app-billing-api,sg
app-billing-api,hk,app-billing-api,hk
app-credit-validation-service,hk,app-credit-validation-service,hk
app-internal-treasury,sg,app-internal-treasury,sg
app-liquidity-forecast,sg,app-liquidity-forecast,sg
app-midas-api,sg,app-midas-api,sg
app-midas-api,hk,app-midas-api,hk
app-midas4awx-api,sg,app-midas4awx-api,sg
app-midas4awx-api,hk,app-midas4awx-api,hk
app-mirror,sg,app-mirror,sg
app-ocr-service,sg,app-ocr-service,sg
app-ocr-service,hk,app-ocr-service,hk
app-proteus,sg,app-proteus,sg
app-reconciliation,sg,app-reconciliation,sg
app-reconciliation,alihk,app-reconciliation,alihk
appbankaccountverificationservice,sg,appbankaccountverificationservice,sg
appbankaccountverificationservice,hk,appbankaccountverificationservice,hk
appbatchpaymentservice,sg,appbatchpaymentservice,sg
appbatchpaymentservice,hk,appbatchpaymentservice,hk
appclientapiservice,sg,appclientapiservice,sg
appclientapiservice,hk,appclientapiservice,hk
appdirectdebitservice,hk,appdirectdebitservice,hk
appdirectdebitservice,sg,appdirectdebitservice,sg
appdraftpaymentservice,sg,appdraftpaymentservice,sg
appdraftpaymentservice,hk,appdraftpaymentservice,hk
appmhtreasuryservice,sg,appmhtreasuryservice,sg
appmhtreasuryservice,hk,appmhtreasuryservice,hk
appplatformservice,sg,appplatformservice,sg
appplatformservice,hk,appplatformservice,hk
apprefdataservice,hk,apprefdataservice,hk
approval-service,hk,approval-service,hk
approval-service,sg,approval-service,sg
apptencentrecon,alihk,apptencentrecon,alihk
apptransactionservice,hk,apptransactionservice,hk
apptransactionservice,sg,apptransactionservice,sg
appvalidationservice,sg,appvalidationservice,sg
appwebappapiservice,hk,appwebappapiservice,hk
appwebappapiservice,sg,appwebappapiservice,sg
audienceservice,sg,audienceservice,sg
audienceservice,hk,audienceservice,hk
audit-log-service,sg,audit-log-service,sg
audit-log-service,hk,audit-log-service,hk
auth-api,hk,auth-api,hk
auth-api,sg,auth-api,sg
authorisation-service,hk,authorisation-service,hk
authorisation-service,sg,authorisation-service,sg
awx-account-service,alihk,awx-account-service,alihk
awx-account-service,sg,awx-account-service,sg
awx-account-service,nl,awx-account-service,nl
awx-account-service,us,awx-account-service,us
awx-account-service-local,alihk,awx-account-service-local,alihk
awx-account-service-local,sg,awx-account-service-local,sg
awx-account-service-ro,alihk,awx-account-service-ro,alihk
awx-account-service-ro-local,alihk,awx-account-service-ro-local,alihk
awx-account-service-rw,sg,awx-account-service-rw,sg
awx-account-service-sg-ro,us,awx-account-service-sg-ro,us
awx-account-service-sg-ro,nl,awx-account-service-sg-ro,nl
awx-account-service-sg-ro,sg,awx-account-service-sg-ro,sg
awx-configuration-service,nl,awx-configuration-service,nl
awx-configuration-service,sg,awx-configuration-service,sg
awx-configuration-service,hk,awx-configuration-service,hk
awx-configuration-service,us,awx-configuration-service,us
awx-panopticon,sg,awx-panopticon,sg
awx-panopticon,hk,awx-panopticon,hk
awx-panopticon-shadow,sg,awx-panopticon-shadow,sg
awx-panopticon-shadow,hk,awx-panopticon-shadow,hk
awxocsauth,hk,awxocsauth,hk
awxocsjob,hk,awxocsjob,hk
awxocsjob,sg,awxocsjob,sg
bankaccountvalidationservice,hk,bankaccountvalidationservice,hk
bankfeedsintegration,hk,bankfeedsintegration,hk
batchtransfersgraphql,sg,batchtransfersgraphql,sg
batchtransfersgraphql,hk,batchtransfersgraphql,hk
bill-pay-service-prod,hk,bill-pay-service-prod,hk
bill-pay-service-prod,sg,bill-pay-service-prod,sg
business-information-vendor-adaptor,hk,business-information-vendor-adaptor,hk
business-information-vendor-adaptor,sg,business-information-vendor-adaptor,sg
campaignservice,hk,campaignservice,hk
campaignservice,sg,campaignservice,sg
clientvbaservice,hk,clientvbaservice,hk
clientvbaservice,sg,clientvbaservice,sg
compliance-graphql,alihk,compliance-graphql,alihk
compliance-graphql,sg,compliance-graphql,sg
creditadviceservice,sg,creditadviceservice,sg
creditadviceservice,hk,creditadviceservice,hk
data-mesh-cb-pipeline-service,sg,data-mesh-cb-pipeline-service,sg
data-mesh-fp-pipeline-service,sg,data-mesh-fp-pipeline-service,sg
data-mesh-fx-pipeline-service,sg,data-mesh-fx-pipeline-service,sg
data-mesh-gtpn-pipeline-service,sg,data-mesh-gtpn-pipeline-service,sg
data-mesh-issuing-pipeline-service,sg,data-mesh-issuing-pipeline-service,sg
data-mesh-pa-pipeline-service,sg,data-mesh-pa-pipeline-service,sg
data-mesh-pipeline-service,sg,data-mesh-pipeline-service,sg
data-mesh-scale-pipeline-service,sg,data-mesh-scale-pipeline-service,sg
data-mesh-sme-pipeline-service,sg,data-mesh-sme-pipeline-service,sg
depositservice,sg,depositservice,sg
depositservice,hk,depositservice,hk
ecommercedataservice,hk,ecommercedataservice,hk
ecosystemappservice,hk,ecosystemappservice,hk
ecosystemintegrationplatform,hk,ecosystemintegrationplatform,hk
ecosystemintegrationplatform,sg,ecosystemintegrationplatform,sg
ecosystemintegrationplatform-hk-prod,unknown,ecosystemintegrationplatform-hk-prod,unknown
enrollmentservice,sg,enrollmentservice,sg
enrollmentservice,hk,enrollmentservice,hk
etawxocs,sg,etawxocs,sg
etawxocs,hk,etawxocs,hk
etawxocsamazon,hk,etawxocsamazon,hk
etawxocsebay,hk,etawxocsebay,hk
execution-monitor,unknown,execution-monitor,unknown
execution-signaler,unknown,execution-signaler,unknown
expense-categorization-prod,sg,expense-categorization-prod,sg
expense-categorization-prod,hk,expense-categorization-prod,hk
finance-app-fee-engine,hk,finance-app-fee-engine,hk
finance-balance-monitor,hk,finance-balance-monitor,hk
finance-balance-notification,hk,finance-balance-notification,hk
finance-client-wallet-events,hk,finance-client-wallet-events,hk
finance-client-wallet-v2,hk,finance-client-wallet-v2,hk
finance-client-wallet-v3,unknown,finance-client-wallet-v3,unknown
finance-client-wallet-v3,hk,finance-client-wallet-v3,hk
finance-client-wallet-v3-event-service,hk,finance-client-wallet-v3-event-service,hk
finance-core-banking-api-gateway,hk,finance-core-banking-api-gateway,hk
finance-funding-source-service,hk,finance-funding-source-service,hk
finance-lending-service,hk,finance-lending-service,hk
finance-order-aggregation-service,hk,finance-order-aggregation-service,hk
finance-report-concierge-service,hk,finance-report-concierge-service,hk
finance-subwallet-management-api,hk,finance-subwallet-management-api,hk
financialtransaction,hk,financialtransaction,hk
financialtransaction,sg,financialtransaction,sg
financialtransaction,nl,financialtransaction,nl
firm-wallet-worker,sg,firm-wallet-worker,sg
firm-wallet-worker,hk,firm-wallet-worker,hk
fis-query-gateway,sg,fis-query-gateway,sg
fis-query-gateway,unknown,fis-query-gateway,unknown
fraud-case,us,fraud-case,us
fraud-case,nl,fraud-case,nl
fraud-case,sg,fraud-case,sg
fraud-case,hk,fraud-case,hk
fraud-detection,hk,fraud-detection,hk
fraud-detection,nl,fraud-detection,nl
fraud-detection,us,fraud-detection,us
fraud-detection,sg,fraud-detection,sg
fraud-detection,unknown,fraud-detection,unknown
fraud-management,nl,fraud-management,nl
fraud-management,us,fraud-management,us
fraud-management,sg,fraud-management,sg
fraud-management,hk,fraud-management,hk
fx-event-demux,unknown,fx-event-demux,unknown
fx-event-mux,unknown,fx-event-mux,unknown
gcp-prod-hk-fx-public-api,unknown,gcp-prod-hk-fx-public-api,unknown
gcp-prod-hk-mcp-api,unknown,gcp-prod-hk-mcp-api,unknown
gcp-prod-sg-airstream-api,unknown,gcp-prod-sg-airstream-api,unknown
gcp-prod-sg-airstream-bridge,unknown,gcp-prod-sg-airstream-bridge,unknown
gcp-prod-sg-billing-center-publisher,unknown,gcp-prod-sg-billing-center-publisher,unknown
gcp-prod-sg-conversion-api,unknown,gcp-prod-sg-conversion-api,unknown
gcp-prod-sg-fx-dashboard-api,unknown,gcp-prod-sg-fx-dashboard-api,unknown
gcp-prod-sg-fx-order-graphql-api,unknown,gcp-prod-sg-fx-order-graphql-api,unknown
gcp-prod-sg-fx-public-api,unknown,gcp-prod-sg-fx-public-api,unknown
gcp-prod-sg-gtpn-bridge,unknown,gcp-prod-sg-gtpn-bridge,unknown
gcp-prod-sg-mcp-api,unknown,gcp-prod-sg-mcp-api,unknown
gcp-prod-sg-open-position-api,unknown,gcp-prod-sg-open-position-api,unknown
gcp-prod-sg-order-api,unknown,gcp-prod-sg-order-api,unknown
gcp-prod-sg-position-keeper,unknown,gcp-prod-sg-position-keeper,unknown
gcp-prod-sg-pricing-api,unknown,gcp-prod-sg-pricing-api,unknown
gcp-prod-sg-refinitiv-wsock-adapter,unknown,gcp-prod-sg-refinitiv-wsock-adapter,unknown
gcp-prod-sg-revenue-control-api,unknown,gcp-prod-sg-revenue-control-api,unknown
gcp-prod-sg-scb-scale-adapter-v2,unknown,gcp-prod-sg-scb-scale-adapter-v2,unknown
gcp-prod-sg-settlement-api,unknown,gcp-prod-sg-settlement-api,unknown
gcp-prod-sg-timeseries-api,unknown,gcp-prod-sg-timeseries-api,unknown
gcp-prod-sg-trade-event-transformer,unknown,gcp-prod-sg-trade-event-transformer,unknown
gcp-prod-sg-trading-api,unknown,gcp-prod-sg-trading-api,unknown
gcp-prod-syd-macq-fix-adapter,unknown,gcp-prod-syd-macq-fix-adapter,unknown
gcp-prod-us-trading-api,unknown,gcp-prod-us-trading-api,unknown
getpaidinvoice,nl,getpaidinvoice,nl
getpaidinvoice,us,getpaidinvoice,us
getpaidinvoice,hk,getpaidinvoice,hk
getpaidinvoice,sg,getpaidinvoice,sg
getpaidinvoicepayment,nl,getpaidinvoicepayment,nl
getpaidinvoicepayment,us,getpaidinvoicepayment,us
getpaidinvoicepayment,hk,getpaidinvoicepayment,hk
getpaidinvoicepayment,sg,getpaidinvoicepayment,sg
getpaidmerchantproduct,nl,getpaidmerchantproduct,nl
getpaidmerchantproduct,us,getpaidmerchantproduct,us
getpaidmerchantproduct,sg,getpaidmerchantproduct,sg
getpaidmerchantproduct,hk,getpaidmerchantproduct,hk
getpaidsubscription,nl,getpaidsubscription,nl
getpaidsubscription,us,getpaidsubscription,us
getpaidsubscription,sg,getpaidsubscription,sg
getpaidsubscription,hk,getpaidsubscription,hk
globalaccountgraphql,sg,globalaccountgraphql,sg
globalaccountgraphql,hk,globalaccountgraphql,hk
graphql-federation,hk,graphql-federation,hk
graphql-federation,sg,graphql-federation,sg
gtpnairboardgraphql,hk,gtpnairboardgraphql,hk
gtpnnotificationservice,hk,gtpnnotificationservice,hk
gtpnnotificationservice,sg,gtpnnotificationservice,sg
gtpntransferservice,hk,gtpntransferservice,hk
gtpntransferservice,sg,gtpntransferservice,sg
hedger,unknown,hedger,unknown
hologram-gateway,sg,hologram-gateway,sg
hologram-gateway,hk,hologram-gateway,hk
hologram-gateway-alpha,sg,hologram-gateway-alpha,sg
hologram-gateway-alpha,hk,hologram-gateway-alpha,hk
htmlmodifierservice,hk,htmlmodifierservice,hk
htmlmodifierservice,sg,htmlmodifierservice,sg
htmlmodifierservice,us,htmlmodifierservice,us
htmlmodifierservice,nl,htmlmodifierservice,nl
hubspotintegrationservice,hk,hubspotintegrationservice,hk
hubspotintegrationservice,sg,hubspotintegrationservice,sg
id-verification,hk,id-verification,hk
inbound-gateway,hk,inbound-gateway,hk
inbound-gateway,sg,inbound-gateway,sg
individual-kyc,sg,individual-kyc,sg
individual-kyc,hk,individual-kyc,hk
industry-category-service,sg,industry-category-service,sg
integrations-airboard-api-prod,hk,integrations-airboard-api-prod,hk
integrations-airboard-api-prod,sg,integrations-airboard-api-prod,sg
integrations-gateway-prod,sg,integrations-gateway-prod,sg
integrations-gateway-prod,hk,integrations-gateway-prod,hk
integrations-webapp-api-prod,hk,integrations-webapp-api-prod,hk
integrations-webapp-api-prod,sg,integrations-webapp-api-prod,sg
integrationsauthmanagement,hk,integrationsauthmanagement,hk
integrationsauthmanagement,sg,integrationsauthmanagement,sg
iss-3ds-service-0,us,iss-3ds-service-0,us
iss-3ds-service-0,sg,iss-3ds-service-0,sg
iss-airboardng-api-0,sg,iss-airboardng-api-0,sg
iss-airboardng-api-0,us,iss-airboardng-api-0,us
iss-authorization-service-0,us,iss-authorization-service-0,us
iss-authorization-service-0,sg,iss-authorization-service-0,sg
iss-card-service-0,us,iss-card-service-0,us
iss-card-service-0,sg,iss-card-service-0,sg
iss-cardholder-service-0,us,iss-cardholder-service-0,us
iss-cardholder-service-0,sg,iss-cardholder-service-0,sg
iss-client-api-0,sg,iss-client-api-0,sg
iss-client-api-0,us,iss-client-api-0,us
iss-config-service-0,us,iss-config-service-0,us
iss-config-service-0,sg,iss-config-service-0,sg
iss-core-services-adapter-0,us,iss-core-services-adapter-0,us
iss-core-services-adapter-0,sg,iss-core-services-adapter-0,sg
iss-core-services-adapter-0.default,us,iss-core-services-adapter-0.default,us
iss-dtoken-service-0,us,iss-dtoken-service-0,us
iss-dtoken-service-0,sg,iss-dtoken-service-0,sg
iss-event-service-0,us,iss-event-service-0,us
iss-event-service-0,sg,iss-event-service-0,sg
iss-fee-service-0,sg,iss-fee-service-0,sg
iss-fee-service-0,us,iss-fee-service-0,us
iss-pci-3ds-integration-0,us,iss-pci-3ds-integration-0,us
iss-pci-authorization-service-0,us,iss-pci-authorization-service-0,us
iss-pci-authorization-service-0,sg,iss-pci-authorization-service-0,sg
iss-pci-card-integration-0,sg,iss-pci-card-integration-0,sg
iss-pci-card-integration-0,us,iss-pci-card-integration-0,us
iss-pci-card-management-0,sg,iss-pci-card-management-0,sg
iss-pci-card-service-0,us,iss-pci-card-service-0,us
iss-pci-card-service-0,sg,iss-pci-card-service-0,sg
iss-pci-client-api-0,us,iss-pci-client-api-0,us
iss-pci-client-api-0,sg,iss-pci-client-api-0,sg
iss-pci-dtoken-integration-0,us,iss-pci-dtoken-integration-0,us
iss-pci-dtoken-integration-0,sg,iss-pci-dtoken-integration-0,sg
iss-pci-hsm-integration-0,sg,iss-pci-hsm-integration-0,sg
iss-pci-iso-integration-0,us,iss-pci-iso-integration-0,us
iss-pci-token-mapper-service-0,us,iss-pci-token-mapper-service-0,us
iss-pci-token-mapper-service-0,sg,iss-pci-token-mapper-service-0,sg
iss-pci-visa-iso-integration-0,sg,iss-pci-visa-iso-integration-0,sg
iss-pci-webapp-api-0,us,iss-pci-webapp-api-0,us
iss-pci-webapp-api-0,sg,iss-pci-webapp-api-0,sg
iss-post-auth-service-0,us,iss-post-auth-service-0,us
iss-post-auth-service-0,sg,iss-post-auth-service-0,sg
iss-reconciliation-service-0,us,iss-reconciliation-service-0,us
iss-reissue-service-0,sg,iss-reissue-service-0,sg
iss-reissue-service-0,us,iss-reissue-service-0,us
iss-remote-auth-service-0,us,iss-remote-auth-service-0,us
iss-remote-auth-service-0,sg,iss-remote-auth-service-0,sg
iss-remote-call-gateway-0,us,iss-remote-call-gateway-0,us
iss-remote-call-gateway-0,sg,iss-remote-call-gateway-0,sg
iss-risk-engine-0,sg,iss-risk-engine-0,sg
iss-risk-engine-0,us,iss-risk-engine-0,us
iss-transaction-views-service-0,us,iss-transaction-views-service-0,us
iss-transaction-views-service-0,sg,iss-transaction-views-service-0,sg
iss-vau-service-0,us,iss-vau-service-0,us
iss-webapp-api-0,us,iss-webapp-api-0,us
iss-webapp-api-0,sg,iss-webapp-api-0,sg
iss-webhook-service-0,sg,iss-webhook-service-0,sg
iss-webhook-service-0,us,iss-webhook-service-0,us
kafka:aliyun_hk_prod.gtpn.client_bank_account.linked_bank_account_lifecycle.0,hk,kafka:aliyun_hk_prod.gtpn.client_bank_account.linked_bank_account_lifecycle.0,hk
kafka:aliyun_hk_prod.gtpn.rails_api_gateway.rebalance_status_update_event.0,hk,kafka:aliyun_hk_prod.gtpn.rails_api_gateway.rebalance_status_update_event.0,hk
kafka:aliyun_hk_prod.gtpn.rails_api_gateway.remittance_status_update_event.0,hk,kafka:aliyun_hk_prod.gtpn.rails_api_gateway.remittance_status_update_event.0,hk
kafka:aliyun_hk_prod.platform.account_service.account_domain_events.0,alihk,kafka:aliyun_hk_prod.platform.account_service.account_domain_events.0,alihk
kafka:aliyun_hk_prod.platform.account_service.account_domain_events.1,alihk,kafka:aliyun_hk_prod.platform.account_service.account_domain_events.1,alihk
kafka:aliyun_hk_prod.platform.account_service.client_legal_entity_domain_events.0,alihk,kafka:aliyun_hk_prod.platform.account_service.client_legal_entity_domain_events.0,alihk
kafka:aliyun_hk_prod.scale.task_banner.events,hk,kafka:aliyun_hk_prod.scale.task_banner.events,hk
kafka:aliyun_hk_prod.scale.task_banner.events,alihk,kafka:aliyun_hk_prod.scale.task_banner.events,alihk
kafka:aliyun_hk_prod_account_service_user_profile_change,alihk,kafka:aliyun_hk_prod_account_service_user_profile_change,alihk
kafka:aliyun_hk_prod_core_banking_balance_activity_events,hk,kafka:aliyun_hk_prod_core_banking_balance_activity_events,hk
kafka:aliyun_hk_prod_core_banking_cw3_balance_activity_events,hk,kafka:aliyun_hk_prod_core_banking_cw3_balance_activity_events,hk
kafka:aliyun_hk_prod_gtpn_payout_created_event,hk,kafka:aliyun_hk_prod_gtpn_payout_created_event,hk
kafka:aliyun_hk_prod_gtpn_transaction_events,hk,kafka:aliyun_hk_prod_gtpn_transaction_events,hk
kafka:aliyun_hk_prod_gtpn_transaction_submit_event,hk,kafka:aliyun_hk_prod_gtpn_transaction_submit_event,hk
kafka:aliyun_hk_prod_midas_record_topic,hk,kafka:aliyun_hk_prod_midas_record_topic,hk
kafka:aliyun_hk_prod_order_aggregation_order_events,hk,kafka:aliyun_hk_prod_order_aggregation_order_events,hk
kafka:aliyun_hk_prod_rfi_domain_event,hk,kafka:aliyun_hk_prod_rfi_domain_event,hk
kafka:awx-client-position-blotter-client-position-store-repartition,unknown,kafka:awx-client-position-blotter-client-position-store-repartition,unknown
kafka:awx-daily-entrepot-position-keeper-daily-entrepot-position-store-repartition,unknown,kafka:awx-daily-entrepot-position-keeper-daily-entrepot-position-store-repartition,unknown
kafka:awx-hedger-rebuild-aggregation-replay-store-repartition,unknown,kafka:awx-hedger-rebuild-aggregation-replay-store-repartition,unknown
kafka:awx-net-position-stream-v2-net-position-store-repartition,unknown,kafka:awx-net-position-stream-v2-net-position-store-repartition,unknown
kafka:awx-risk-position-blotter-risk-position-store-v2-repartition,unknown,kafka:awx-risk-position-blotter-risk-position-store-v2-repartition,unknown
kafka:awx.airstream.events,unknown,kafka:awx.airstream.events,unknown
kafka:awx.execution.aggregation.events,unknown,kafka:awx.execution.aggregation.events,unknown
kafka:awx.execution.aggregation.events.remote,unknown,kafka:awx.execution.aggregation.events.remote,unknown
kafka:awx.execution.blotter.events,unknown,kafka:awx.execution.blotter.events,unknown
kafka:awx.execution.blotter.position.client,unknown,kafka:awx.execution.blotter.position.client,unknown
kafka:awx.execution.blotter.position.risk,unknown,kafka:awx.execution.blotter.position.risk,unknown
kafka:awx.execution.client.trade.captured,unknown,kafka:awx.execution.client.trade.captured,unknown
kafka:awx.execution.client.trade.captured,hk,kafka:awx.execution.client.trade.captured,hk
kafka:awx.execution.client.trade.captured.remote,unknown,kafka:awx.execution.client.trade.captured.remote,unknown
kafka:awx.execution.entrepot.blotter.events,unknown,kafka:awx.execution.entrepot.blotter.events,unknown
kafka:awx.execution.entrepot.blotter.raw.events,unknown,kafka:awx.execution.entrepot.blotter.raw.events,unknown
kafka:awx.execution.entrepot.payment.events,unknown,kafka:awx.execution.entrepot.payment.events,unknown
kafka:awx.execution.entrepot.position.events,unknown,kafka:awx.execution.entrepot.position.events,unknown
kafka:awx.execution.entrepot.prekeyed.blotter.events,unknown,kafka:awx.execution.entrepot.prekeyed.blotter.events,unknown
kafka:awx.execution.execution.events.remote,unknown,kafka:awx.execution.execution.events.remote,unknown
kafka:awx.execution.execution.events.remote.rekeyed,unknown,kafka:awx.execution.execution.events.remote.rekeyed,unknown
kafka:awx.execution.keyed.aggregation.events,unknown,kafka:awx.execution.keyed.aggregation.events,unknown
kafka:awx.execution.keyed.client.trade.captured,unknown,kafka:awx.execution.keyed.client.trade.captured,unknown
kafka:awx.execution.keyed.entrepot.blotter.events,unknown,kafka:awx.execution.keyed.entrepot.blotter.events,unknown
kafka:awx.execution.keyed.execution.events,unknown,kafka:awx.execution.keyed.execution.events,unknown
kafka:awx.execution.keyed.risk.order.status.events,unknown,kafka:awx.execution.keyed.risk.order.status.events,unknown
kafka:awx.execution.keyed.trade.captured,unknown,kafka:awx.execution.keyed.trade.captured,unknown
kafka:awx.execution.keyed.trade.captured.entrepot,unknown,kafka:awx.execution.keyed.trade.captured.entrepot,unknown
kafka:awx.execution.monitor.aggregation.summary.events.remote,unknown,kafka:awx.execution.monitor.aggregation.summary.events.remote,unknown
kafka:awx.execution.monitor.keyed.aggregation.events,unknown,kafka:awx.execution.monitor.keyed.aggregation.events,unknown
kafka:awx.execution.monitor.keyed.client.trade.captured,unknown,kafka:awx.execution.monitor.keyed.client.trade.captured,unknown
kafka:awx.execution.monitor.keyed.trade.captured,unknown,kafka:awx.execution.monitor.keyed.trade.captured,unknown
kafka:awx.execution.position.v2,unknown,kafka:awx.execution.position.v2,unknown
kafka:awx.execution.trade.captured,unknown,kafka:awx.execution.trade.captured,unknown
kafka:awx.execution.trade.captured.all,unknown,kafka:awx.execution.trade.captured.all,unknown
kafka:awx.execution.trade.captured.entrepot,unknown,kafka:awx.execution.trade.captured.entrepot,unknown
kafka:awx.execution.trade.captured.remote,unknown,kafka:awx.execution.trade.captured.remote,unknown
kafka:awx.fx.apm.aggregated.spot.price,unknown,kafka:awx.fx.apm.aggregated.spot.price,unknown
kafka:awx.fx.apm.calculated.spot.price,unknown,kafka:awx.fx.apm.calculated.spot.price,unknown
kafka:awx.fx.command.queue.aggregator.v2,unknown,kafka:awx.fx.command.queue.aggregator.v2,unknown
kafka:awx.fx.conversion.events,unknown,kafka:awx.fx.conversion.events,unknown
kafka:awx.fx.conversion.events,hk,kafka:awx.fx.conversion.events,hk
kafka:awx.fx.conversion.legacy.combined,unknown,kafka:awx.fx.conversion.legacy.combined,unknown
kafka:awx.fx.conversion.legacy.combined,hk,kafka:awx.fx.conversion.legacy.combined,hk
kafka:awx.fx.error.response.captured.conversion,hk,kafka:awx.fx.error.response.captured.conversion,hk
kafka:awx.fx.event.multiplex.v2.hk.gcp,unknown,kafka:awx.fx.event.multiplex.v2.hk.gcp,unknown
kafka:awx.fx.event.multiplex.v2.nl.gcp,unknown,kafka:awx.fx.event.multiplex.v2.nl.gcp,unknown
kafka:awx.fx.event.multiplex.v2.sg.gcp,unknown,kafka:awx.fx.event.multiplex.v2.sg.gcp,unknown
kafka:awx.fx.event.multiplex.v2.tk.aliyun,unknown,kafka:awx.fx.event.multiplex.v2.tk.aliyun,unknown
kafka:awx.fx.event.multiplex.v2.us.gcp,unknown,kafka:awx.fx.event.multiplex.v2.us.gcp,unknown
kafka:awx.fx.gtpn.bridge.payout.order.v2.1,hk,kafka:awx.fx.gtpn.bridge.payout.order.v2.1,hk
kafka:awx.fx.gtpn.bridge.payout.order.v2.1,unknown,kafka:awx.fx.gtpn.bridge.payout.order.v2.1,unknown
kafka:awx.fx.ledger.feed.events,unknown,kafka:awx.fx.ledger.feed.events,unknown
kafka:awx.fx.liquidity.engine.rekeyed.entrepot.blotter,unknown,kafka:awx.fx.liquidity.engine.rekeyed.entrepot.blotter,unknown
kafka:awx.fx.liquidity.engine.rekeyed.entrepot.position,unknown,kafka:awx.fx.liquidity.engine.rekeyed.entrepot.position,unknown
kafka:awx.fx.quote.ref.quote.v4,unknown,kafka:awx.fx.quote.ref.quote.v4,unknown
kafka:awx.notification.alert_event,unknown,kafka:awx.notification.alert_event,unknown
kafka:awx.notification.notification_event,unknown,kafka:awx.notification.notification_event,unknown
kafka:awx.observable.fwd.curves.and.prices,unknown,kafka:awx.observable.fwd.curves.and.prices,unknown
kafka:awx.pricing.lp_price.carded,unknown,kafka:awx.pricing.lp_price.carded,unknown
kafka:awx.pricing.lp_price.live,unknown,kafka:awx.pricing.lp_price.live,unknown
kafka:awx.pricing.lp_price.live.refinitiv,unknown,kafka:awx.pricing.lp_price.live.refinitiv,unknown
kafka:awx.pricing.lp_price.reference,unknown,kafka:awx.pricing.lp_price.reference,unknown
kafka:awx.revenue.rule.events,unknown,kafka:awx.revenue.rule.events,unknown
kafka:awx.revenue.rule.events,hk,kafka:awx.revenue.rule.events,hk
kafka:awx.venue.execution.events,unknown,kafka:awx.venue.execution.events,unknown
kafka:awx.venue.execution.events.remote,unknown,kafka:awx.venue.execution.events.remote,unknown
kafka:awx.venue.order.events.remote,unknown,kafka:awx.venue.order.events.remote,unknown
kafka:gcp_hk_prod.acquiring.getpaid.invoice_payment.0,hk,kafka:gcp_hk_prod.acquiring.getpaid.invoice_payment.0,hk
kafka:gcp_hk_prod.airwallexpay.airwallex_pay_service.transaction_journal,hk,kafka:gcp_hk_prod.airwallexpay.airwallex_pay_service.transaction_journal,hk
kafka:gcp_hk_prod.approval.request,hk,kafka:gcp_hk_prod.approval.request,hk
kafka:gcp_hk_prod.approval.status,hk,kafka:gcp_hk_prod.approval.status,hk
kafka:gcp_hk_prod.approval.updates,hk,kafka:gcp_hk_prod.approval.updates,hk
kafka:gcp_hk_prod.notification.channels_email,hk,kafka:gcp_hk_prod.notification.channels_email,hk
kafka:gcp_hk_prod.notification.channels_email_slow,hk,kafka:gcp_hk_prod.notification.channels_email_slow,hk
kafka:gcp_hk_prod.notification.channels_one_off_email,hk,kafka:gcp_hk_prod.notification.channels_one_off_email,hk
kafka:gcp_hk_prod.notification.channels_push,hk,kafka:gcp_hk_prod.notification.channels_push,hk
kafka:gcp_hk_prod.notification.channels_sms,hk,kafka:gcp_hk_prod.notification.channels_sms,hk
kafka:gcp_hk_prod.notification.channels_system-notification,hk,kafka:gcp_hk_prod.notification.channels_system-notification,hk
kafka:gcp_hk_prod.notification.history_email,hk,kafka:gcp_hk_prod.notification.history_email,hk
kafka:gcp_hk_prod.notification.history_push,hk,kafka:gcp_hk_prod.notification.history_push,hk
kafka:gcp_hk_prod.notification.history_sms,hk,kafka:gcp_hk_prod.notification.history_sms,hk
kafka:gcp_hk_prod.notification.history_webhook,hk,kafka:gcp_hk_prod.notification.history_webhook,hk
kafka:gcp_hk_prod.platform.accounting.journal_entry,hk,kafka:gcp_hk_prod.platform.accounting.journal_entry,hk
kafka:gcp_hk_prod.risk_ns.create_case,hk,kafka:gcp_hk_prod.risk_ns.create_case,hk
kafka:gcp_hk_prod.scale.scale_connect_service.scale_domain_events.0,hk,kafka:gcp_hk_prod.scale.scale_connect_service.scale_domain_events.0,hk
kafka:gcp_hk_prod.scale.task_banner.events,hk,kafka:gcp_hk_prod.scale.task_banner.events,hk
kafka:gcp_hk_prod_acquiring_capture_status_updated_event,hk,kafka:gcp_hk_prod_acquiring_capture_status_updated_event,hk
kafka:gcp_hk_prod_acquiring_payment_executor_capture_request_amex,hk,kafka:gcp_hk_prod_acquiring_payment_executor_capture_request_amex,hk
kafka:gcp_hk_prod_acquiring_payment_executor_capture_request_jcb,hk,kafka:gcp_hk_prod_acquiring_payment_executor_capture_request_jcb,hk
kafka:gcp_hk_prod_acquiring_payment_executor_capture_request_mastercard,hk,kafka:gcp_hk_prod_acquiring_payment_executor_capture_request_mastercard,hk
kafka:gcp_hk_prod_acquiring_payment_executor_capture_request_upi,hk,kafka:gcp_hk_prod_acquiring_payment_executor_capture_request_upi,hk
kafka:gcp_hk_prod_acquiring_payment_executor_capture_request_visa,hk,kafka:gcp_hk_prod_acquiring_payment_executor_capture_request_visa,hk
kafka:gcp_hk_prod_attempt_expire_topic,hk,kafka:gcp_hk_prod_attempt_expire_topic,hk
kafka:gcp_hk_prod_billing_fee_configuration_event,hk,kafka:gcp_hk_prod_billing_fee_configuration_event,hk
kafka:gcp_hk_prod_billing_fee_event_0,hk,kafka:gcp_hk_prod_billing_fee_event_0,hk
kafka:gcp_hk_prod_billing_fee_event_0,us,kafka:gcp_hk_prod_billing_fee_event_0,us
kafka:gcp_hk_prod_clearing_house_clearing_output_topic,hk,kafka:gcp_hk_prod_clearing_house_clearing_output_topic,hk
kafka:gcp_hk_prod_clearing_house_fee_details_topic,hk,kafka:gcp_hk_prod_clearing_house_fee_details_topic,hk
kafka:gcp_hk_prod_clearing_house_send_fee_msg_to_settlement_event_topic,hk,kafka:gcp_hk_prod_clearing_house_send_fee_msg_to_settlement_event_topic,hk
kafka:gcp_hk_prod_clearing_house_settlement_request_event_topic,hk,kafka:gcp_hk_prod_clearing_house_settlement_request_event_topic,hk
kafka:gcp_hk_prod_clearing_house_settlement_result_event_topic,unknown,kafka:gcp_hk_prod_clearing_house_settlement_result_event_topic,unknown
kafka:gcp_hk_prod_clearing_house_settlement_result_event_topic,hk,kafka:gcp_hk_prod_clearing_house_settlement_result_event_topic,hk
kafka:gcp_hk_prod_clearing_transaction_event_topic,hk,kafka:gcp_hk_prod_clearing_transaction_event_topic,hk
kafka:gcp_hk_prod_core_banking_async_report_task,hk,kafka:gcp_hk_prod_core_banking_async_report_task,hk
kafka:gcp_hk_prod_dispute_event_topic,hk,kafka:gcp_hk_prod_dispute_event_topic,hk
kafka:gcp_hk_prod_dispute_risk_event_topic,hk,kafka:gcp_hk_prod_dispute_risk_event_topic,hk
kafka:gcp_hk_prod_fee_clearing_event_topic,hk,kafka:gcp_hk_prod_fee_clearing_event_topic,hk
kafka:gcp_hk_prod_financial_transaction_core_transaction_request,hk,kafka:gcp_hk_prod_financial_transaction_core_transaction_request,hk
kafka:gcp_hk_prod_fraud_auth_result_event_topic,hk,kafka:gcp_hk_prod_fraud_auth_result_event_topic,hk
kafka:gcp_hk_prod_fraud_case_creation_event_topic,hk,kafka:gcp_hk_prod_fraud_case_creation_event_topic,hk
kafka:gcp_hk_prod_fraud_case_update_event_topic,hk,kafka:gcp_hk_prod_fraud_case_update_event_topic,hk
kafka:gcp_hk_prod_fraud_provider_response_creation_event_topic,hk,kafka:gcp_hk_prod_fraud_provider_response_creation_event_topic,hk
kafka:gcp_hk_prod_individual_kyc_case_status_changed_event,hk,kafka:gcp_hk_prod_individual_kyc_case_status_changed_event,hk
kafka:gcp_hk_prod_integrations_connection_events,hk,kafka:gcp_hk_prod_integrations_connection_events,hk
kafka:gcp_hk_prod_internal_payment_update_fusion_event_topic,hk,kafka:gcp_hk_prod_internal_payment_update_fusion_event_topic,hk
kafka:gcp_hk_prod_invoice_item_domain_event,hk,kafka:gcp_hk_prod_invoice_item_domain_event,hk
kafka:gcp_hk_prod_iss_ft_event_hk_topic,us,kafka:gcp_hk_prod_iss_ft_event_hk_topic,us
kafka:gcp_hk_prod_issuing_core_banking_grpc_request,hk,kafka:gcp_hk_prod_issuing_core_banking_grpc_request,hk
kafka:gcp_hk_prod_kyb_domain_events,hk,kafka:gcp_hk_prod_kyb_domain_events,hk
kafka:gcp_hk_prod_kyc_domain_event,hk,kafka:gcp_hk_prod_kyc_domain_event,hk
kafka:gcp_hk_prod_midas_record_topic,hk,kafka:gcp_hk_prod_midas_record_topic,hk
kafka:gcp_hk_prod_midas_record_topic,us,kafka:gcp_hk_prod_midas_record_topic,us
kafka:gcp_hk_prod_orderCancel_ledger_event,hk,kafka:gcp_hk_prod_orderCancel_ledger_event,hk
kafka:gcp_hk_prod_order_ledger_event,us,kafka:gcp_hk_prod_order_ledger_event,us
kafka:gcp_hk_prod_order_ledger_event,hk,kafka:gcp_hk_prod_order_ledger_event,hk
kafka:gcp_hk_prod_pa.post_fraud_transaction_events,hk,kafka:gcp_hk_prod_pa.post_fraud_transaction_events,hk
kafka:gcp_hk_prod_pa.risk.post_fraud_transaction_events,hk,kafka:gcp_hk_prod_pa.risk.post_fraud_transaction_events,hk
kafka:gcp_hk_prod_pa_internal_notification_event_topic,hk,kafka:gcp_hk_prod_pa_internal_notification_event_topic,hk
kafka:gcp_hk_prod_pa_schedule_endpoint_topic,hk,kafka:gcp_hk_prod_pa_schedule_endpoint_topic,hk
kafka:gcp_hk_prod_payment_core_clearing_event_topic,hk,kafka:gcp_hk_prod_payment_core_clearing_event_topic,hk
kafka:gcp_hk_prod_payment_core_event_topic,unknown,kafka:gcp_hk_prod_payment_core_event_topic,unknown
kafka:gcp_hk_prod_payment_core_event_topic,hk,kafka:gcp_hk_prod_payment_core_event_topic,hk
kafka:gcp_hk_prod_payment_executor_transaction_status_topic,hk,kafka:gcp_hk_prod_payment_executor_transaction_status_topic,hk
kafka:gcp_hk_prod_rails_gateway_statement_entry,sg,kafka:gcp_hk_prod_rails_gateway_statement_entry,sg
kafka:gcp_hk_prod_reconciliation_settlement_bank_statement,hk,kafka:gcp_hk_prod_reconciliation_settlement_bank_statement,hk
kafka:gcp_hk_prod_refund_received_event_topic,hk,kafka:gcp_hk_prod_refund_received_event_topic,hk
kafka:gcp_hk_prod_risk_list_topic,hk,kafka:gcp_hk_prod_risk_list_topic,hk
kafka:gcp_hk_prod_risk_safeguarding_topic,unknown,kafka:gcp_hk_prod_risk_safeguarding_topic,unknown
kafka:gcp_hk_prod_risk_tm_events,alihk,kafka:gcp_hk_prod_risk_tm_events,alihk
kafka:gcp_hk_prod_settlement_batch_record_topic,hk,kafka:gcp_hk_prod_settlement_batch_record_topic,hk
kafka:gcp_hk_prod_settlement_entry_record_topic,hk,kafka:gcp_hk_prod_settlement_entry_record_topic,hk
kafka:gcp_hk_prod_spend_management_domain_transactions,hk,kafka:gcp_hk_prod_spend_management_domain_transactions,hk
kafka:gcp_hk_prod_spend_management_notes_sync_commands,hk,kafka:gcp_hk_prod_spend_management_notes_sync_commands,hk
kafka:gcp_hk_prod_spend_management_receipt_sync_commands,hk,kafka:gcp_hk_prod_spend_management_receipt_sync_commands,hk
kafka:gcp_hk_prod_spend_management_sync_results,hk,kafka:gcp_hk_prod_spend_management_sync_results,hk
kafka:gcp_hk_prod_tm_case_result,alihk,kafka:gcp_hk_prod_tm_case_result,alihk
kafka:gcp_hk_prod_tm_name_screen_request_events,alihk,kafka:gcp_hk_prod_tm_name_screen_request_events,alihk
kafka:gcp_hk_prod_tm_name_screen_result,alihk,kafka:gcp_hk_prod_tm_name_screen_result,alihk
kafka:gcp_hk_prod_tm_payment_events,alihk,kafka:gcp_hk_prod_tm_payment_events,alihk
kafka:gcp_hk_prod_tsp_token_status_topic,hk,kafka:gcp_hk_prod_tsp_token_status_topic,hk
kafka:gcp_hk_prod_tsp_token_topic,hk,kafka:gcp_hk_prod_tsp_token_topic,hk
kafka:gcp_hk_prod_visa_authorizations,hk,kafka:gcp_hk_prod_visa_authorizations,hk
kafka:gcp_hk_prod_wxpay_notification_topic,hk,kafka:gcp_hk_prod_wxpay_notification_topic,hk
kafka:gcp_nl_prod.notification.history_webhook,nl,kafka:gcp_nl_prod.notification.history_webhook,nl
kafka:gcp_nl_prod.risk.ip_sync_event,nl,kafka:gcp_nl_prod.risk.ip_sync_event,nl
kafka:gcp_nl_prod_acquiring_capture_status_updated_event,nl,kafka:gcp_nl_prod_acquiring_capture_status_updated_event,nl
kafka:gcp_nl_prod_acquiring_payment_executor_capture_request_mastercard,nl,kafka:gcp_nl_prod_acquiring_payment_executor_capture_request_mastercard,nl
kafka:gcp_nl_prod_acquiring_payment_executor_capture_request_valitor,nl,kafka:gcp_nl_prod_acquiring_payment_executor_capture_request_valitor,nl
kafka:gcp_nl_prod_acquiring_payment_executor_capture_request_visa,nl,kafka:gcp_nl_prod_acquiring_payment_executor_capture_request_visa,nl
kafka:gcp_nl_prod_attempt_expire_topic,nl,kafka:gcp_nl_prod_attempt_expire_topic,nl
kafka:gcp_nl_prod_clearing_house_clearing_output_topic,nl,kafka:gcp_nl_prod_clearing_house_clearing_output_topic,nl
kafka:gcp_nl_prod_clearing_house_fee_details_topic,nl,kafka:gcp_nl_prod_clearing_house_fee_details_topic,nl
kafka:gcp_nl_prod_clearing_house_send_fee_msg_to_settlement_event_topic,nl,kafka:gcp_nl_prod_clearing_house_send_fee_msg_to_settlement_event_topic,nl
kafka:gcp_nl_prod_clearing_house_settlement_request_event_topic,nl,kafka:gcp_nl_prod_clearing_house_settlement_request_event_topic,nl
kafka:gcp_nl_prod_clearing_house_settlement_result_event_topic,unknown,kafka:gcp_nl_prod_clearing_house_settlement_result_event_topic,unknown
kafka:gcp_nl_prod_clearing_house_settlement_result_event_topic,nl,kafka:gcp_nl_prod_clearing_house_settlement_result_event_topic,nl
kafka:gcp_nl_prod_clearing_transaction_event_topic,nl,kafka:gcp_nl_prod_clearing_transaction_event_topic,nl
kafka:gcp_nl_prod_dispute_event_topic,nl,kafka:gcp_nl_prod_dispute_event_topic,nl
kafka:gcp_nl_prod_dispute_risk_event_topic,nl,kafka:gcp_nl_prod_dispute_risk_event_topic,nl
kafka:gcp_nl_prod_fee_clearing_event_topic,nl,kafka:gcp_nl_prod_fee_clearing_event_topic,nl
kafka:gcp_nl_prod_financial_transaction_core_transaction_request,hk,kafka:gcp_nl_prod_financial_transaction_core_transaction_request,hk
kafka:gcp_nl_prod_fraud_auth_result_event_topic,nl,kafka:gcp_nl_prod_fraud_auth_result_event_topic,nl
kafka:gcp_nl_prod_fraud_case_creation_event_topic,nl,kafka:gcp_nl_prod_fraud_case_creation_event_topic,nl
kafka:gcp_nl_prod_fraud_case_update_event_topic,nl,kafka:gcp_nl_prod_fraud_case_update_event_topic,nl
kafka:gcp_nl_prod_fraud_provider_response_creation_event_topic,nl,kafka:gcp_nl_prod_fraud_provider_response_creation_event_topic,nl
kafka:gcp_nl_prod_internal_payment_update_fusion_event_topic,nl,kafka:gcp_nl_prod_internal_payment_update_fusion_event_topic,nl
kafka:gcp_nl_prod_iss_ft_event_nl_topic,us,kafka:gcp_nl_prod_iss_ft_event_nl_topic,us
kafka:gcp_nl_prod_midas_record_topic_to_hk,nl,kafka:gcp_nl_prod_midas_record_topic_to_hk,nl
kafka:gcp_nl_prod_order_ledger_event,nl,kafka:gcp_nl_prod_order_ledger_event,nl
kafka:gcp_nl_prod_pa.post_fraud_transaction_events,nl,kafka:gcp_nl_prod_pa.post_fraud_transaction_events,nl
kafka:gcp_nl_prod_pa.risk.post_fraud_transaction_events,nl,kafka:gcp_nl_prod_pa.risk.post_fraud_transaction_events,nl
kafka:gcp_nl_prod_pa_internal_notification_event_topic,nl,kafka:gcp_nl_prod_pa_internal_notification_event_topic,nl
kafka:gcp_nl_prod_pa_schedule_endpoint_topic,nl,kafka:gcp_nl_prod_pa_schedule_endpoint_topic,nl
kafka:gcp_nl_prod_payment_core_clearing_event_topic,nl,kafka:gcp_nl_prod_payment_core_clearing_event_topic,nl
kafka:gcp_nl_prod_payment_core_event_topic,nl,kafka:gcp_nl_prod_payment_core_event_topic,nl
kafka:gcp_nl_prod_refund_received_event_topic,nl,kafka:gcp_nl_prod_refund_received_event_topic,nl
kafka:gcp_nl_prod_tsp_token_status_topic,nl,kafka:gcp_nl_prod_tsp_token_status_topic,nl
kafka:gcp_nl_prod_visa_authorizations,nl,kafka:gcp_nl_prod_visa_authorizations,nl
kafka:gcp_sg_PROD_CARD_COMMAND_TOPIC,sg,kafka:gcp_sg_PROD_CARD_COMMAND_TOPIC,sg
kafka:gcp_sg_PROD_CARD_HOLDER_EVENT_TOPIC,sg,kafka:gcp_sg_PROD_CARD_HOLDER_EVENT_TOPIC,sg
kafka:gcp_sg_PROD_ISS_3DS_EVENT_TOPIC,sg,kafka:gcp_sg_PROD_ISS_3DS_EVENT_TOPIC,sg
kafka:gcp_sg_PROD_ISS_AUTHORIZATION_TX_TOPIC,sg,kafka:gcp_sg_PROD_ISS_AUTHORIZATION_TX_TOPIC,sg
kafka:gcp_sg_PROD_ISS_CARD_CHANGE_EVENT_API_TOPIC,sg,kafka:gcp_sg_PROD_ISS_CARD_CHANGE_EVENT_API_TOPIC,sg
kafka:gcp_sg_PROD_ISS_CARD_CHANGE_STREAM_APP_ID-v1.1.1-gcp_sg_PROD_ISS_CARD_CHANGE_STREAM_APP_ID-v1.1.1-repartition,sg,kafka:gcp_sg_PROD_ISS_CARD_CHANGE_STREAM_APP_ID-v1.1.1-gcp_sg_PROD_ISS_CARD_CHANGE_STREAM_APP_ID-v1.1.1-repartition,sg
kafka:gcp_sg_PROD_ISS_CARD_EVENT_TOPIC,sg,kafka:gcp_sg_PROD_ISS_CARD_EVENT_TOPIC,sg
kafka:gcp_sg_PROD_ISS_CARD_OWNERS_EVENT_TOPIC,sg,kafka:gcp_sg_PROD_ISS_CARD_OWNERS_EVENT_TOPIC,sg
kafka:gcp_sg_PROD_ISS_CARD_SPEND_EVENT_TOPIC,sg,kafka:gcp_sg_PROD_ISS_CARD_SPEND_EVENT_TOPIC,sg
kafka:gcp_sg_PROD_ISS_DIGITAL_TOKEN_EVENT_TOPIC,sg,kafka:gcp_sg_PROD_ISS_DIGITAL_TOKEN_EVENT_TOPIC,sg
kafka:gcp_sg_PROD_ISS_DIGITAL_TOKEN_NOTIFICATION_EVENT_TOPIC,us,kafka:gcp_sg_PROD_ISS_DIGITAL_TOKEN_NOTIFICATION_EVENT_TOPIC,us
kafka:gcp_sg_PROD_ISS_OUTSTANDING_AUTHORIZATION_CHANGE_TOPIC,sg,kafka:gcp_sg_PROD_ISS_OUTSTANDING_AUTHORIZATION_CHANGE_TOPIC,sg
kafka:gcp_sg_PROD_ISS_PCI_CARD_EVENT_TOPIC,sg,kafka:gcp_sg_PROD_ISS_PCI_CARD_EVENT_TOPIC,sg
kafka:gcp_sg_PROD_ISS_STATUS_UPDATE_TOPIC,sg,kafka:gcp_sg_PROD_ISS_STATUS_UPDATE_TOPIC,sg
kafka:gcp_sg_PROD_ISS_WALLET_EVENT_TOPIC,sg,kafka:gcp_sg_PROD_ISS_WALLET_EVENT_TOPIC,sg
kafka:gcp_sg_prod.approval.request,sg,kafka:gcp_sg_prod.approval.request,sg
kafka:gcp_sg_prod.approval.status,sg,kafka:gcp_sg_prod.approval.status,sg
kafka:gcp_sg_prod.approval.updates,sg,kafka:gcp_sg_prod.approval.updates,sg
kafka:gcp_sg_prod.gtpn.rails_api_gateway.remittance_status_update_event.0,sg,kafka:gcp_sg_prod.gtpn.rails_api_gateway.remittance_status_update_event.0,sg
kafka:gcp_sg_prod.notification.channels_email,sg,kafka:gcp_sg_prod.notification.channels_email,sg
kafka:gcp_sg_prod.notification.channels_email_slow,sg,kafka:gcp_sg_prod.notification.channels_email_slow,sg
kafka:gcp_sg_prod.notification.channels_push,sg,kafka:gcp_sg_prod.notification.channels_push,sg
kafka:gcp_sg_prod.notification.channels_sms,sg,kafka:gcp_sg_prod.notification.channels_sms,sg
kafka:gcp_sg_prod.notification.channels_system-notification,sg,kafka:gcp_sg_prod.notification.channels_system-notification,sg
kafka:gcp_sg_prod.notification.history_email,sg,kafka:gcp_sg_prod.notification.history_email,sg
kafka:gcp_sg_prod.notification.history_push,sg,kafka:gcp_sg_prod.notification.history_push,sg
kafka:gcp_sg_prod.notification.history_sms,sg,kafka:gcp_sg_prod.notification.history_sms,sg
kafka:gcp_sg_prod.notification.history_webhook,sg,kafka:gcp_sg_prod.notification.history_webhook,sg
kafka:gcp_sg_prod.platform.account_service.account_domain_events.0,sg,kafka:gcp_sg_prod.platform.account_service.account_domain_events.0,sg
kafka:gcp_sg_prod.platform.account_service.account_domain_events.1,sg,kafka:gcp_sg_prod.platform.account_service.account_domain_events.1,sg
kafka:gcp_sg_prod.platform.account_service.client_legal_entity_domain_events.0,sg,kafka:gcp_sg_prod.platform.account_service.client_legal_entity_domain_events.0,sg
kafka:gcp_sg_prod.platform.accounting.journal_entry,sg,kafka:gcp_sg_prod.platform.accounting.journal_entry,sg
kafka:gcp_sg_prod.risk.ip_sync_event,sg,kafka:gcp_sg_prod.risk.ip_sync_event,sg
kafka:gcp_sg_prod.risk_ns.create_case,sg,kafka:gcp_sg_prod.risk_ns.create_case,sg
kafka:gcp_sg_prod.scale.task_banner.events,sg,kafka:gcp_sg_prod.scale.task_banner.events,sg
kafka:gcp_sg_prod_ISS_AUTHORIZATION_ADVICE_EVENT_TOPIC,sg,kafka:gcp_sg_prod_ISS_AUTHORIZATION_ADVICE_EVENT_TOPIC,sg
kafka:gcp_sg_prod_account_service_user_profile_change,sg,kafka:gcp_sg_prod_account_service_user_profile_change,sg
kafka:gcp_sg_prod_acquiring_payment_executor_capture_request_amex,sg,kafka:gcp_sg_prod_acquiring_payment_executor_capture_request_amex,sg
kafka:gcp_sg_prod_acquiring_payment_executor_capture_request_mastercard,sg,kafka:gcp_sg_prod_acquiring_payment_executor_capture_request_mastercard,sg
kafka:gcp_sg_prod_acquiring_payment_executor_capture_request_upi,sg,kafka:gcp_sg_prod_acquiring_payment_executor_capture_request_upi,sg
kafka:gcp_sg_prod_acquiring_payment_executor_capture_request_visa,sg,kafka:gcp_sg_prod_acquiring_payment_executor_capture_request_visa,sg
kafka:gcp_sg_prod_attempt_expire_topic,sg,kafka:gcp_sg_prod_attempt_expire_topic,sg
kafka:gcp_sg_prod_billing_fee_configuration_event,sg,kafka:gcp_sg_prod_billing_fee_configuration_event,sg
kafka:gcp_sg_prod_billing_fee_event_0,sg,kafka:gcp_sg_prod_billing_fee_event_0,sg
kafka:gcp_sg_prod_clearing_house_clearing_output_topic,sg,kafka:gcp_sg_prod_clearing_house_clearing_output_topic,sg
kafka:gcp_sg_prod_clearing_house_fee_details_topic,sg,kafka:gcp_sg_prod_clearing_house_fee_details_topic,sg
kafka:gcp_sg_prod_clearing_house_send_fee_msg_to_settlement_event_topic,sg,kafka:gcp_sg_prod_clearing_house_send_fee_msg_to_settlement_event_topic,sg
kafka:gcp_sg_prod_clearing_house_settlement_request_event_topic,sg,kafka:gcp_sg_prod_clearing_house_settlement_request_event_topic,sg
kafka:gcp_sg_prod_clearing_house_settlement_result_event_topic,sg,kafka:gcp_sg_prod_clearing_house_settlement_result_event_topic,sg
kafka:gcp_sg_prod_clearing_transaction_event_topic,sg,kafka:gcp_sg_prod_clearing_transaction_event_topic,sg
kafka:gcp_sg_prod_core_banking_async_report_task,sg,kafka:gcp_sg_prod_core_banking_async_report_task,sg
kafka:gcp_sg_prod_core_banking_balance_activity_events,sg,kafka:gcp_sg_prod_core_banking_balance_activity_events,sg
kafka:gcp_sg_prod_core_banking_cw3_balance_activity_events,sg,kafka:gcp_sg_prod_core_banking_cw3_balance_activity_events,sg
kafka:gcp_sg_prod_fee_clearing_event_topic,sg,kafka:gcp_sg_prod_fee_clearing_event_topic,sg
kafka:gcp_sg_prod_financial_transaction_core_transaction_request,sg,kafka:gcp_sg_prod_financial_transaction_core_transaction_request,sg
kafka:gcp_sg_prod_fraud_auth_result_event_topic,sg,kafka:gcp_sg_prod_fraud_auth_result_event_topic,sg
kafka:gcp_sg_prod_fraud_case_creation_event_topic,sg,kafka:gcp_sg_prod_fraud_case_creation_event_topic,sg
kafka:gcp_sg_prod_fraud_case_update_event_topic,sg,kafka:gcp_sg_prod_fraud_case_update_event_topic,sg
kafka:gcp_sg_prod_fraud_provider_response_creation_event_topic,sg,kafka:gcp_sg_prod_fraud_provider_response_creation_event_topic,sg
kafka:gcp_sg_prod_gtpn_payout_created_event,sg,kafka:gcp_sg_prod_gtpn_payout_created_event,sg
kafka:gcp_sg_prod_gtpn_transaction_events,sg,kafka:gcp_sg_prod_gtpn_transaction_events,sg
kafka:gcp_sg_prod_individual_kyc_case_status_changed_event,sg,kafka:gcp_sg_prod_individual_kyc_case_status_changed_event,sg
kafka:gcp_sg_prod_integrations_connection_events,sg,kafka:gcp_sg_prod_integrations_connection_events,sg
kafka:gcp_sg_prod_internal_payment_update_fusion_event_topic,sg,kafka:gcp_sg_prod_internal_payment_update_fusion_event_topic,sg
kafka:gcp_sg_prod_invoice_item_domain_event,sg,kafka:gcp_sg_prod_invoice_item_domain_event,sg
kafka:gcp_sg_prod_iss_ft_event_sg_topic,sg,kafka:gcp_sg_prod_iss_ft_event_sg_topic,sg
kafka:gcp_sg_prod_kyb_domain_events,sg,kafka:gcp_sg_prod_kyb_domain_events,sg
kafka:gcp_sg_prod_kyc_domain_event,sg,kafka:gcp_sg_prod_kyc_domain_event,sg
kafka:gcp_sg_prod_midas_account_price_update_event,sg,kafka:gcp_sg_prod_midas_account_price_update_event,sg
kafka:gcp_sg_prod_midas_record_topic,sg,kafka:gcp_sg_prod_midas_record_topic,sg
kafka:gcp_sg_prod_order_aggregation_order_events,sg,kafka:gcp_sg_prod_order_aggregation_order_events,sg
kafka:gcp_sg_prod_order_ledger_event,sg,kafka:gcp_sg_prod_order_ledger_event,sg
kafka:gcp_sg_prod_pa.post_fraud_transaction_events,sg,kafka:gcp_sg_prod_pa.post_fraud_transaction_events,sg
kafka:gcp_sg_prod_pa.risk.post_fraud_transaction_events,sg,kafka:gcp_sg_prod_pa.risk.post_fraud_transaction_events,sg
kafka:gcp_sg_prod_pa_internal_notification_event_topic,sg,kafka:gcp_sg_prod_pa_internal_notification_event_topic,sg
kafka:gcp_sg_prod_pa_schedule_endpoint_topic,sg,kafka:gcp_sg_prod_pa_schedule_endpoint_topic,sg
kafka:gcp_sg_prod_payment_core_clearing_event_topic,sg,kafka:gcp_sg_prod_payment_core_clearing_event_topic,sg
kafka:gcp_sg_prod_payment_core_event_topic,sg,kafka:gcp_sg_prod_payment_core_event_topic,sg
kafka:gcp_sg_prod_payment_core_event_topic,unknown,kafka:gcp_sg_prod_payment_core_event_topic,unknown
kafka:gcp_sg_prod_rails_gateway_connector_command,sg,kafka:gcp_sg_prod_rails_gateway_connector_command,sg
kafka:gcp_sg_prod_rails_gateway_connector_result,sg,kafka:gcp_sg_prod_rails_gateway_connector_result,sg
kafka:gcp_sg_prod_rails_gateway_decrypted_data,sg,kafka:gcp_sg_prod_rails_gateway_decrypted_data,sg
kafka:gcp_sg_prod_rails_gateway_raw_dehydrated_data,sg,kafka:gcp_sg_prod_rails_gateway_raw_dehydrated_data,sg
kafka:gcp_sg_prod_rails_gateway_raw_entry,sg,kafka:gcp_sg_prod_rails_gateway_raw_entry,sg
kafka:gcp_sg_prod_rails_gateway_statement_entry,sg,kafka:gcp_sg_prod_rails_gateway_statement_entry,sg
kafka:gcp_sg_prod_reconciliation_bank_funds_result_topic,sg,kafka:gcp_sg_prod_reconciliation_bank_funds_result_topic,sg
kafka:gcp_sg_prod_reconciliation_result_topic,sg,kafka:gcp_sg_prod_reconciliation_result_topic,sg
kafka:gcp_sg_prod_reconciliation_settlement_bank_statement,sg,kafka:gcp_sg_prod_reconciliation_settlement_bank_statement,sg
kafka:gcp_sg_prod_refund_received_event_topic,sg,kafka:gcp_sg_prod_refund_received_event_topic,sg
kafka:gcp_sg_prod_rfi_domain_event,sg,kafka:gcp_sg_prod_rfi_domain_event,sg
kafka:gcp_sg_prod_risk_list_topic,sg,kafka:gcp_sg_prod_risk_list_topic,sg
kafka:gcp_sg_prod_risk_safeguarding_topic,sg,kafka:gcp_sg_prod_risk_safeguarding_topic,sg
kafka:gcp_sg_prod_risk_tm_events,sg,kafka:gcp_sg_prod_risk_tm_events,sg
kafka:gcp_sg_prod_settlement_batch_record_topic,sg,kafka:gcp_sg_prod_settlement_batch_record_topic,sg
kafka:gcp_sg_prod_settlement_entry_record_topic,sg,kafka:gcp_sg_prod_settlement_entry_record_topic,sg
kafka:gcp_sg_prod_spend_management_domain_transactions,sg,kafka:gcp_sg_prod_spend_management_domain_transactions,sg
kafka:gcp_sg_prod_spend_management_receipt_sync_commands,sg,kafka:gcp_sg_prod_spend_management_receipt_sync_commands,sg
kafka:gcp_sg_prod_spend_management_sync_results,sg,kafka:gcp_sg_prod_spend_management_sync_results,sg
kafka:gcp_sg_prod_tm_name_screen_request_events,sg,kafka:gcp_sg_prod_tm_name_screen_request_events,sg
kafka:gcp_sg_prod_tm_name_screen_result,sg,kafka:gcp_sg_prod_tm_name_screen_result,sg
kafka:gcp_sg_prod_tm_payment_events,sg,kafka:gcp_sg_prod_tm_payment_events,sg
kafka:gcp_sg_prod_update_fusion_transaction_info_event_topic,sg,kafka:gcp_sg_prod_update_fusion_transaction_info_event_topic,sg
kafka:gcp_sg_prod_visa_authorizations,sg,kafka:gcp_sg_prod_visa_authorizations,sg
kafka:gcp_us_PROD_CARD_COMMAND_TOPIC,us,kafka:gcp_us_PROD_CARD_COMMAND_TOPIC,us
kafka:gcp_us_PROD_CARD_HOLDER_EVENT_TOPIC,us,kafka:gcp_us_PROD_CARD_HOLDER_EVENT_TOPIC,us
kafka:gcp_us_PROD_ISS_3DS_EVENT_TOPIC,us,kafka:gcp_us_PROD_ISS_3DS_EVENT_TOPIC,us
kafka:gcp_us_PROD_ISS_AUTHORIZATION_TX_TOPIC,us,kafka:gcp_us_PROD_ISS_AUTHORIZATION_TX_TOPIC,us
kafka:gcp_us_PROD_ISS_CARD_CHANGE_EVENT_API_TOPIC,us,kafka:gcp_us_PROD_ISS_CARD_CHANGE_EVENT_API_TOPIC,us
kafka:gcp_us_PROD_ISS_CARD_CHANGE_STREAM_APP_ID-v1.1.1-gcp_us_PROD_ISS_CARD_CHANGE_STREAM_APP_ID-v1.1.1-repartition,us,kafka:gcp_us_PROD_ISS_CARD_CHANGE_STREAM_APP_ID-v1.1.1-gcp_us_PROD_ISS_CARD_CHANGE_STREAM_APP_ID-v1.1.1-repartition,us
kafka:gcp_us_PROD_ISS_CARD_EVENT_TOPIC,us,kafka:gcp_us_PROD_ISS_CARD_EVENT_TOPIC,us
kafka:gcp_us_PROD_ISS_CARD_OWNERS_EVENT_TOPIC,us,kafka:gcp_us_PROD_ISS_CARD_OWNERS_EVENT_TOPIC,us
kafka:gcp_us_PROD_ISS_CARD_SPEND_EVENT_TOPIC,us,kafka:gcp_us_PROD_ISS_CARD_SPEND_EVENT_TOPIC,us
kafka:gcp_us_PROD_ISS_DIGITAL_TOKEN_EVENT_TOPIC,us,kafka:gcp_us_PROD_ISS_DIGITAL_TOKEN_EVENT_TOPIC,us
kafka:gcp_us_PROD_ISS_DIGITAL_TOKEN_NOTIFICATION_EVENT_TOPIC,us,kafka:gcp_us_PROD_ISS_DIGITAL_TOKEN_NOTIFICATION_EVENT_TOPIC,us
kafka:gcp_us_PROD_ISS_OUTSTANDING_AUTHORIZATION_CHANGE_TOPIC,us,kafka:gcp_us_PROD_ISS_OUTSTANDING_AUTHORIZATION_CHANGE_TOPIC,us
kafka:gcp_us_PROD_ISS_PCI_CARD_EVENT_TOPIC,us,kafka:gcp_us_PROD_ISS_PCI_CARD_EVENT_TOPIC,us
kafka:gcp_us_PROD_ISS_STATUS_UPDATE_TOPIC,us,kafka:gcp_us_PROD_ISS_STATUS_UPDATE_TOPIC,us
kafka:gcp_us_PROD_ISS_WALLET_EVENT_TOPIC,us,kafka:gcp_us_PROD_ISS_WALLET_EVENT_TOPIC,us
kafka:gcp_us_prod_ISS_AUTHORIZATION_ADVICE_EVENT_TOPIC,us,kafka:gcp_us_prod_ISS_AUTHORIZATION_ADVICE_EVENT_TOPIC,us
kafka:gcp_us_prod_attempt_expire_topic,us,kafka:gcp_us_prod_attempt_expire_topic,us
kafka:gcp_us_prod_clearing_house_clearing_output_topic,us,kafka:gcp_us_prod_clearing_house_clearing_output_topic,us
kafka:gcp_us_prod_clearing_house_fee_details_topic,us,kafka:gcp_us_prod_clearing_house_fee_details_topic,us
kafka:gcp_us_prod_clearing_house_send_fee_msg_to_settlement_event_topic,us,kafka:gcp_us_prod_clearing_house_send_fee_msg_to_settlement_event_topic,us
kafka:gcp_us_prod_clearing_house_settlement_request_event_topic,us,kafka:gcp_us_prod_clearing_house_settlement_request_event_topic,us
kafka:gcp_us_prod_clearing_transaction_event_topic,us,kafka:gcp_us_prod_clearing_transaction_event_topic,us
kafka:gcp_us_prod_fraud_auth_result_event_topic,unknown,kafka:gcp_us_prod_fraud_auth_result_event_topic,unknown
kafka:gcp_us_prod_fraud_case_creation_event_topic,unknown,kafka:gcp_us_prod_fraud_case_creation_event_topic,unknown
kafka:gcp_us_prod_fraud_case_update_event_topic,unknown,kafka:gcp_us_prod_fraud_case_update_event_topic,unknown
kafka:gcp_us_prod_fraud_provider_response_creation_event_topic,unknown,kafka:gcp_us_prod_fraud_provider_response_creation_event_topic,unknown
kafka:gcp_us_prod_internal_payment_update_fusion_event_topic,us,kafka:gcp_us_prod_internal_payment_update_fusion_event_topic,us
kafka:gcp_us_prod_midas_record_topic_to_sg,us,kafka:gcp_us_prod_midas_record_topic_to_sg,us
kafka:gcp_us_prod_order_ledger_event,us,kafka:gcp_us_prod_order_ledger_event,us
kafka:gcp_us_prod_pa.post_fraud_transaction_events,unknown,kafka:gcp_us_prod_pa.post_fraud_transaction_events,unknown
kafka:gcp_us_prod_pa.risk.post_fraud_transaction_events,unknown,kafka:gcp_us_prod_pa.risk.post_fraud_transaction_events,unknown
kafka:gcp_us_prod_pa_schedule_endpoint_topic,us,kafka:gcp_us_prod_pa_schedule_endpoint_topic,us
kafka:gcp_us_prod_payment_core_clearing_event_topic,us,kafka:gcp_us_prod_payment_core_clearing_event_topic,us
kafka:gcp_us_prod_payment_core_event_topic,us,kafka:gcp_us_prod_payment_core_event_topic,us
kafka:legacy_gtpn_transaction_events_local,hk,kafka:legacy_gtpn_transaction_events_local,hk
kafka:midas_record_topic,hk,kafka:midas_record_topic,hk
kafka:midas_record_topic,unknown,kafka:midas_record_topic,unknown
kafka:prod_acquiring_internal_settlement_record_event,nl,kafka:prod_acquiring_internal_settlement_record_event,nl
kafka:prod_acquiring_internal_settlement_record_event,sg,kafka:prod_acquiring_internal_settlement_record_event,sg
kafka:prod_acquiring_internal_settlement_record_event,hk,kafka:prod_acquiring_internal_settlement_record_event,hk
kafka:prod_acquiring_internal_settlement_record_event,us,kafka:prod_acquiring_internal_settlement_record_event,us
kafka:prod_gtpn_batchtransfer_events,hk,kafka:prod_gtpn_batchtransfer_events,hk
kafka:prod_gtpn_ecommerce_data_service_order,hk,kafka:prod_gtpn_ecommerce_data_service_order,hk
kafka:prod_gtpn_enrollment_events,hk,kafka:prod_gtpn_enrollment_events,hk
kafka:prod_gtpn_journal_events,sg,kafka:prod_gtpn_journal_events,sg
kafka:prod_gtpn_journal_events,hk,kafka:prod_gtpn_journal_events,hk
kafka:prod_gtpn_notification_events_approval,hk,kafka:prod_gtpn_notification_events_approval,hk
kafka:prod_gtpn_notification_events_approval,sg,kafka:prod_gtpn_notification_events_approval,sg
kafka:prod_gtpn_ordermatching_events,hk,kafka:prod_gtpn_ordermatching_events,hk
kafka:prod_gtpn_payoutorder_events,sg,kafka:prod_gtpn_payoutorder_events,sg
kafka:prod_gtpn_payoutorder_events,hk,kafka:prod_gtpn_payoutorder_events,hk
kafka:prod_gtpn_rails_gateway_bank_notification,sg,kafka:prod_gtpn_rails_gateway_bank_notification,sg
kafka:prod_gtpn_transaction_events,hk,kafka:prod_gtpn_transaction_events,hk
kafka:prod_gtpn_transaction_events,sg,kafka:prod_gtpn_transaction_events,sg
kafka:prod_gtpn_transaction_events.DLT,hk,kafka:prod_gtpn_transaction_events.DLT,hk
kafka:prod_gtpn_transaction_service_order_resync_events,hk,kafka:prod_gtpn_transaction_service_order_resync_events,hk
kafka:prod_gtpn_transaction_service_order_update_events,hk,kafka:prod_gtpn_transaction_service_order_update_events,hk
kafka:prod_gtpn_transaction_service_order_update_events,sg,kafka:prod_gtpn_transaction_service_order_update_events,sg
kafka:prod_gtpn_transfer_events,sg,kafka:prod_gtpn_transfer_events,sg
kafka:prod_gtpn_transfer_events,hk,kafka:prod_gtpn_transfer_events,hk
kafka:prod_platform_account_info_events,unknown,kafka:prod_platform_account_info_events,unknown
kafka:prod_platform_raw_audit_log_events,alihk,kafka:prod_platform_raw_audit_log_events,alihk
kafka:prod_platform_raw_audit_log_events,sg,kafka:prod_platform_raw_audit_log_events,sg
kafka:prod_platform_raw_audit_log_events,hk,kafka:prod_platform_raw_audit_log_events,hk
kafka:prod_settlement_fusion_fts_settlement_batches,nl,kafka:prod_settlement_fusion_fts_settlement_batches,nl
kafka:prod_settlement_fusion_fts_settlement_batches,hk,kafka:prod_settlement_fusion_fts_settlement_batches,hk
kafka:prod_settlement_fusion_fts_settlement_batches,sg,kafka:prod_settlement_fusion_fts_settlement_batches,sg
kafka:prod_settlement_fusion_fts_settlement_fee,sg,kafka:prod_settlement_fusion_fts_settlement_fee,sg
kafka:prod_settlement_fusion_fts_settlement_fee,hk,kafka:prod_settlement_fusion_fts_settlement_fee,hk
kafka:prod_settlement_fusion_fts_settlement_fee,nl,kafka:prod_settlement_fusion_fts_settlement_fee,nl
kafka:prod_settlement_fusion_fts_settlement_fee_billing,sg,kafka:prod_settlement_fusion_fts_settlement_fee_billing,sg
kafka:prod_settlement_fusion_fts_settlement_fee_billing,nl,kafka:prod_settlement_fusion_fts_settlement_fee_billing,nl
kafka:prod_settlement_fusion_fts_settlement_fee_billing,hk,kafka:prod_settlement_fusion_fts_settlement_fee_billing,hk
kafka:prod_settlement_fusion_fts_transactions,hk,kafka:prod_settlement_fusion_fts_transactions,hk
kafka:prod_settlement_fusion_fts_transactions,nl,kafka:prod_settlement_fusion_fts_transactions,nl
kafka:prod_settlement_fusion_fts_transactions,sg,kafka:prod_settlement_fusion_fts_transactions,sg
kafka:prod_sme.marketplace.store.create,hk,kafka:prod_sme.marketplace.store.create,hk
loanservice,sg,loanservice,sg
loanservice,hk,loanservice,hk
location-service,sg,location-service,sg
location-service,nl,location-service,nl
location-service,us,location-service,us
location-service,hk,location-service,hk
mlfeaturestore,sg,mlfeaturestore,sg
mlfeaturestore,nl,mlfeaturestore,nl
mlfeaturestore,hk,mlfeaturestore,hk
mlfeaturestore,us,mlfeaturestore,us
mobile-facade,hk,mobile-facade,hk
mobile-facade,sg,mobile-facade,sg
moneyhouseservice,sg,moneyhouseservice,sg
moneyhouseservice,hk,moneyhouseservice,hk
netsuiteauth,sg,netsuiteauth,sg
netsuiteauth,hk,netsuiteauth,hk
notification-engine,unknown,notification-engine,unknown
notification-management,hk,notification-management,hk
notification-management,sg,notification-management,sg
notification-management,nl,notification-management,nl
notification-webhook,us,notification-webhook,us
notification-webhook,nl,notification-webhook,nl
notification-webhook,hk,notification-webhook,hk
notification-webhook,sg,notification-webhook,sg
notificationchannels,hk,notificationchannels,hk
notificationchannels,nl,notificationchannels,nl
notificationchannels,sg,notificationchannels,sg
oauth-service,sg,oauth-service,sg
oauth-service,hk,oauth-service,hk
onboarding-service,sg,onboarding-service,sg
onboarding-service,hk,onboarding-service,hk
onlinepaymentfeedsservice,hk,onlinepaymentfeedsservice,hk
order-notifier,unknown,order-notifier,unknown
order-processor,unknown,order-processor,unknown
order-triggerer,unknown,order-triggerer,unknown
ordercollectiongraphql,hk,ordercollectiongraphql,hk
paaccountrange,hk,paaccountrange,hk
paaccountrange,nl,paaccountrange,nl
paaccountrange,sg,paaccountrange,sg
paaccountrange,us,paaccountrange,us
paadaptorairwallexpay,us,paadaptorairwallexpay,us
paadaptorairwallexpay,nl,paadaptorairwallexpay,nl
paadaptorairwallexpay,sg,paadaptorairwallexpay,sg
paadaptorairwallexpay,hk,paadaptorairwallexpay,hk
paadaptoralipay,nl,paadaptoralipay,nl
paadaptoralipay,us,paadaptoralipay,us
paadaptoralipay,hk,paadaptoralipay,hk
paadaptoralipay,sg,paadaptoralipay,sg
paadaptorapplepay,hk,paadaptorapplepay,hk
paadaptorapplepay,nl,paadaptorapplepay,nl
paadaptorapplepay,sg,paadaptorapplepay,sg
paadaptorapplepay,us,paadaptorapplepay,us
paadaptoratome,nl,paadaptoratome,nl
paadaptoratome,hk,paadaptoratome,hk
paadaptoratome,us,paadaptoratome,us
paadaptoratome,sg,paadaptoratome,sg
paadaptordirectdebit,nl,paadaptordirectdebit,nl
paadaptordirectdebit,us,paadaptordirectdebit,us
paadaptordirectdebit,hk,paadaptordirectdebit,hk
paadaptordirectdebit,sg,paadaptordirectdebit,sg
paadaptorfps,sg,paadaptorfps,sg
paadaptorfps,hk,paadaptorfps,hk
paadaptorfps,unknown,paadaptorfps,unknown
paadaptorfps,nl,paadaptorfps,nl
paadaptorfps,us,paadaptorfps,us
paadaptorkcp,hk,paadaptorkcp,hk
paadaptorkcp,us,paadaptorkcp,us
paadaptorkcp,nl,paadaptorkcp,nl
paadaptorkcp,sg,paadaptorkcp,sg
paadaptorklarna,sg,paadaptorklarna,sg
paadaptorklarna,hk,paadaptorklarna,hk
paadaptorklarna,us,paadaptorklarna,us
paadaptorklarna,nl,paadaptorklarna,nl
paadaptormastercard,hk,paadaptormastercard,hk
paadaptormastercard,nl,paadaptormastercard,nl
paadaptormastercard,sg,paadaptormastercard,sg
paadaptormolpay,nl,paadaptormolpay,nl
paadaptormolpay,hk,paadaptormolpay,hk
paadaptormolpay,us,paadaptormolpay,us
paadaptormolpay,sg,paadaptormolpay,sg
paadaptorppro,nl,paadaptorppro,nl
paadaptorppro,sg,paadaptorppro,sg
paadaptorppro,hk,paadaptorppro,hk
paadaptorppro,us,paadaptorppro,us
paadaptorvalitor,nl,paadaptorvalitor,nl
paadaptorvisa,hk,paadaptorvisa,hk
paadaptorvisa,sg,paadaptorvisa,sg
paadaptorvisa,nl,paadaptorvisa,nl
paadaptorwxpay,sg,paadaptorwxpay,sg
paadaptorwxpay,hk,paadaptorwxpay,hk
paadaptorwxpay,nl,paadaptorwxpay,nl
paairboardgraphql,sg,paairboardgraphql,sg
paairboardgraphql,hk,paairboardgraphql,hk
paamexonboarding,sg,paamexonboarding,sg
paamexonboarding,nl,paamexonboarding,nl
paamexonboarding,hk,paamexonboarding,hk
pabulkjobrunner,sg,pabulkjobrunner,sg
pabulkjobrunner,nl,pabulkjobrunner,nl
pabulkjobrunner,hk,pabulkjobrunner,hk
pabulkjobrunner,us,pabulkjobrunner,us
pacard3ds,us,pacard3ds,us
pacard3ds,hk,pacard3ds,hk
pacard3ds,sg,pacard3ds,sg
pacard3ds,nl,pacard3ds,nl
pacardauthorizationprocessor,nl,pacardauthorizationprocessor,nl
pacardauthorizationprocessor,hk,pacardauthorizationprocessor,hk
pacardauthorizationprocessor,unknown,pacardauthorizationprocessor,unknown
pacardauthorizationprocessor,us,pacardauthorizationprocessor,us
pacardauthorizationprocessor,sg,pacardauthorizationprocessor,sg
pacardcostcalculation,nl,pacardcostcalculation,nl
pacardcostcalculation,sg,pacardcostcalculation,sg
pacardcostcalculation,hk,pacardcostcalculation,hk
pacardcostmanagement,hk,pacardcostmanagement,hk
pacardcostmanagement,sg,pacardcostmanagement,sg
pacardcostmanagement,nl,pacardcostmanagement,nl
pacheckoutui,sg,pacheckoutui,sg
pacheckoutui,hk,pacheckoutui,hk
pacheckoutui,nl,pacheckoutui,nl
pacitpcigatewayairproap,unknown,pacitpcigatewayairproap,unknown
pacitpcigatewayairproeu,nl,pacitpcigatewayairproeu,nl
pacitpcigatewayairproeu,sg,pacitpcigatewayairproeu,sg
pacitpcigatewayairprous,unknown,pacitpcigatewayairprous,unknown
paclearingfileprocessoramex,sg,paclearingfileprocessoramex,sg
paclearingfileprocessoramex,nl,paclearingfileprocessoramex,nl
paclearingfileprocessoramex,hk,paclearingfileprocessoramex,hk
paclearinghouse,nl,paclearinghouse,nl
paclearinghouse,hk,paclearinghouse,hk
paclearinghouse,us,paclearinghouse,us
paclearinghouse,sg,paclearinghouse,sg
paclearingprocessorjcb,hk,paclearingprocessorjcb,hk
paclearingprocessorjcb,sg,paclearingprocessorjcb,sg
paclearingprocessorjpmorgan,us,paclearingprocessorjpmorgan,us
paconfigcenter,nl,paconfigcenter,nl
paconfigcenter,us,paconfigcenter,us
paconfigcenter,sg,paconfigcenter,sg
paconfigcenter,hk,paconfigcenter,hk
pacore,us,pacore,us
pacore,sg,pacore,sg
pacore,hk,pacore,hk
pacore,nl,pacore,nl
pacustomsdeclaration,hk,pacustomsdeclaration,hk
pacustomsdeclaration,sg,pacustomsdeclaration,sg
pacustomsdeclaration,nl,pacustomsdeclaration,nl
padataquery,hk,padataquery,hk
padataquery,us,padataquery,us
padataquery,sg,padataquery,sg
padataquery,nl,padataquery,nl
padatasummary,sg,padatasummary,sg
padatasummary,us,padatasummary,us
padatasummary,hk,padatasummary,hk
padatasummary,nl,padatasummary,nl
padispute,hk,padispute,hk
padispute,us,padispute,us
padispute,nl,padispute,nl
padispute,sg,padispute,sg
paexecutorcard,unknown,paexecutorcard,unknown
paexecutorcard,sg,paexecutorcard,sg
paexecutorcard,us,paexecutorcard,us
paexecutorcard,hk,paexecutorcard,hk
paexecutorcard,nl,paexecutorcard,nl
paexecutorwallet,us,paexecutorwallet,us
paexecutorwallet,sg,paexecutorwallet,sg
paexecutorwallet,hk,paexecutorwallet,hk
paexecutorwallet,nl,paexecutorwallet,nl
paexperimentconfigurationpersistence,sg,paexperimentconfigurationpersistence,sg
paexperimentconfigurationpersistence,us,paexperimentconfigurationpersistence,us
paexperimentconfigurationpersistence,hk,paexperimentconfigurationpersistence,hk
paexperimentconfigurationpersistence,nl,paexperimentconfigurationpersistence,nl
paexperimentengine,us,paexperimentengine,us
paexperimentengine,nl,paexperimentengine,nl
paexperimentengine,sg,paexperimentengine,sg
paexperimentengine,hk,paexperimentengine,hk
paexternalpanimporter,nl,paexternalpanimporter,nl
paexternalpanimporter,hk,paexternalpanimporter,hk
paexternalpanimporter,us,paexternalpanimporter,us
paexternalpanimporter,sg,paexternalpanimporter,sg
paexternalsettlement,hk,paexternalsettlement,hk
paexternalsettlement,sg,paexternalsettlement,sg
paexternalsettlement,us,paexternalsettlement,us
paexternalsettlement,nl,paexternalsettlement,nl
pafilealipay,hk,pafilealipay,hk
pafilealipay,us,pafilealipay,us
pafilealipay,nl,pafilealipay,nl
pafilealipay,sg,pafilealipay,sg
pafilegatewayairwallexpay,hk,pafilegatewayairwallexpay,hk
pafilegatewayairwallexpay,us,pafilegatewayairwallexpay,us
pafilegatewayairwallexpay,sg,pafilegatewayairwallexpay,sg
pafilegatewayairwallexpay,nl,pafilegatewayairwallexpay,nl
pafilegatewayatome,nl,pafilegatewayatome,nl
pafilegatewayatome,us,pafilegatewayatome,us
pafilegatewayatome,hk,pafilegatewayatome,hk
pafilegatewayatome,sg,pafilegatewayatome,sg
pafilegatewaykcp,hk,pafilegatewaykcp,hk
pafilegatewaykcp,nl,pafilegatewaykcp,nl
pafilegatewaykcp,us,pafilegatewaykcp,us
pafilegatewaykcp,sg,pafilegatewaykcp,sg
pafilegatewayklarna,hk,pafilegatewayklarna,hk
pafilegatewayklarna,us,pafilegatewayklarna,us
pafilegatewayklarna,sg,pafilegatewayklarna,sg
pafilegatewayklarna,nl,pafilegatewayklarna,nl
pafilegatewaymolpay,sg,pafilegatewaymolpay,sg
pafilegatewaymolpay,hk,pafilegatewaymolpay,hk
pafilegatewaymolpay,nl,pafilegatewaymolpay,nl
pafilegatewaymolpay,us,pafilegatewaymolpay,us
pafilegatewayppro,hk,pafilegatewayppro,hk
pafilegatewayppro,us,pafilegatewayppro,us
pafilegatewayppro,sg,pafilegatewayppro,sg
pafilegatewayppro,nl,pafilegatewayppro,nl
pafilegatewaywxpay,sg,pafilegatewaywxpay,sg
pafilegatewaywxpay,hk,pafilegatewaywxpay,hk
pafilegatewaywxpay,nl,pafilegatewaywxpay,nl
pafileprocessorupi,sg,pafileprocessorupi,sg
pafileprocessorupi,nl,pafileprocessorupi,nl
pafileprocessorupi,hk,pafileprocessorupi,hk
pafinance,hk,pafinance,hk
pafinance,nl,pafinance,nl
pafinance,sg,pafinance,sg
pafinance,us,pafinance,us
pafraudreportvisa,hk,pafraudreportvisa,hk
pafraudreportvisa,sg,pafraudreportvisa,sg
pafraudreportvisa,nl,pafraudreportvisa,nl
paftsproxy,nl,paftsproxy,nl
pafundsplits,nl,pafundsplits,nl
pafundsplits,sg,pafundsplits,sg
pafundsplits,us,pafundsplits,us
pafundsplits,hk,pafundsplits,hk
pafusionapp,sg,pafusionapp,sg
pafusionapp,hk,pafusionapp,hk
pafusionapp,nl,pafusionapp,nl
pafusionapp,us,pafusionapp,us
pafx,sg,pafx,sg
pafx,hk,pafx,hk
pafx,us,pafx,us
pafx,nl,pafx,nl
pagateway,sg,pagateway,sg
pagateway,us,pagateway,us
pagateway,hk,pagateway,hk
pagateway,nl,pagateway,nl
pagetpaidgraphql,sg,pagetpaidgraphql,sg
pagetpaidgraphql,hk,pagetpaidgraphql,hk
pamailmastercard,sg,pamailmastercard,sg
pamccostengine,sg,pamccostengine,sg
pamccostengine,nl,pamccostengine,nl
pamccostengine,hk,pamccostengine,hk
pamerchantcenter,nl,pamerchantcenter,nl
pamerchantcenter,hk,pamerchantcenter,hk
pamerchantcenter,sg,pamerchantcenter,sg
pamerchantcenter,us,pamerchantcenter,us
pamerchantevent,us,pamerchantevent,us
pamerchantevent,sg,pamerchantevent,sg
pamerchantevent,hk,pamerchantevent,hk
pamerchantevent,nl,pamerchantevent,nl
paonboarding,nl,paonboarding,nl
paonboarding,us,paonboarding,us
paonboarding,hk,paonboarding,hk
paonboarding,sg,paonboarding,sg
paonboardingjpmorgan,us,paonboardingjpmorgan,us
paonboardingmastercard,sg,paonboardingmastercard,sg
paonboardingmastercard,hk,paonboardingmastercard,hk
paonboardingmastercard,nl,paonboardingmastercard,nl
papaymentcaptureprocessor,hk,papaymentcaptureprocessor,hk
papaymentcaptureprocessor,nl,papaymentcaptureprocessor,nl
papaymentcaptureprocessor,sg,papaymentcaptureprocessor,sg
papaymentcaptureprocessor,us,papaymentcaptureprocessor,us
papaymentlink,sg,papaymentlink,sg
papaymentlink,hk,papaymentlink,hk
papaymentlink,us,papaymentlink,us
papaymentlink,nl,papaymentlink,nl
papaymentmethods,sg,papaymentmethods,sg
papaymentmethods,hk,papaymentmethods,hk
papciadaptormastercard,nl,papciadaptormastercard,nl
papciadaptormastercard,sg,papciadaptormastercard,sg
papciadaptormastercard,hk,papciadaptormastercard,hk
papciadaptorvisa,sg,papciadaptorvisa,sg
papciadaptorvisa,nl,papciadaptorvisa,nl
papciadaptorvisa,hk,papciadaptorvisa,hk
papcidisputemastercard,hk,papcidisputemastercard,hk
papcidisputemastercard,nl,papcidisputemastercard,nl
papcidisputemastercard,sg,papcidisputemastercard,sg
papcidisputevisa,nl,papcidisputevisa,nl
papcidisputevisa,sg,papcidisputevisa,sg
papcidisputevisa,hk,papcidisputevisa,hk
papciexternalpanprocessor,hk,papciexternalpanprocessor,hk
papciexternalpanprocessor,nl,papciexternalpanprocessor,nl
papciexternalpanprocessor,sg,papciexternalpanprocessor,sg
papciexternalpanprocessor,us,papciexternalpanprocessor,us
papcifilegatewaycard,us,papcifilegatewaycard,us
papcifilegatewaycard,sg,papcifilegatewaycard,sg
papcifilegatewaycard,nl,papcifilegatewaycard,nl
papcifilegatewaycard,hk,papcifilegatewaycard,hk
papciiso8583proxyupiau,hk,papciiso8583proxyupiau,hk
papciiso8583proxyupiau,sg,papciiso8583proxyupiau,sg
papciiso8583proxyupihk,hk,papciiso8583proxyupihk,hk
papciiso8583proxyupihk,sg,papciiso8583proxyupihk,sg
papciiso8583proxyupinl,nl,papciiso8583proxyupinl,nl
papciiso8583proxyupisg,sg,papciiso8583proxyupisg,sg
papciiso8583proxyupisg,hk,papciiso8583proxyupisg,hk
papciiso8583proxyupiuk,nl,papciiso8583proxyupiuk,nl
papcitokenservicedigitalwallet,sg,papcitokenservicedigitalwallet,sg
papcitokenservicedigitalwallet,hk,papcitokenservicedigitalwallet,hk
papcitokenservicedigitalwallet,us,papcitokenservicedigitalwallet,us
papcitokenservicedigitalwallet,nl,papcitokenservicedigitalwallet,nl
papcitransactionprocessorjcb,hk,papcitransactionprocessorjcb,hk
papcitransactionprocessorjcb,sg,papcitransactionprocessorjcb,sg
papcitransactionprocessorjpmorgan,us,papcitransactionprocessorjpmorgan,us
papcitransactionprocessorjpmorgan,unknown,papcitransactionprocessorjpmorgan,unknown
papcitransactionprocessorvalitor,nl,papcitransactionprocessorvalitor,nl
papcitransactionprocessorvisa,nl,papcitransactionprocessorvisa,nl
papcitransactionprocessorvisa,hk,papcitransactionprocessorvisa,hk
papcitransactionprocessorvisa,sg,papcitransactionprocessorvisa,sg
papcitxnprocessoramex,nl,papcitxnprocessoramex,nl
papcitxnprocessoramex,sg,papcitxnprocessoramex,sg
papcitxnprocessoramex,hk,papcitxnprocessoramex,hk
papcitxnprocessorupi,nl,papcitxnprocessorupi,nl
papcitxnprocessorupi,sg,papcitxnprocessorupi,sg
papcitxnprocessorupi,hk,papcitxnprocessorupi,hk
paprechargebackonboarding,sg,paprechargebackonboarding,sg
paprechargebackonboarding,us,paprechargebackonboarding,us
paprechargebackonboarding,hk,paprechargebackonboarding,hk
paprechargebackonboarding,nl,paprechargebackonboarding,nl
pareconciliation,hk,pareconciliation,hk
pareconciliation,nl,pareconciliation,nl
pareconciliation,sg,pareconciliation,sg
pareconciliation,us,pareconciliation,us
paredirect,hk,paredirect,hk
paredirect,us,paredirect,us
paredirect,nl,paredirect,nl
paredirect,sg,paredirect,sg
pareferencefileprocessoramex,sg,pareferencefileprocessoramex,sg
pareferencefileprocessoramex,nl,pareferencefileprocessoramex,nl
pareferencefileprocessoramex,hk,pareferencefileprocessoramex,hk
pareferencefileprocessorjcb,hk,pareferencefileprocessorjcb,hk
pareferencefileprocessorjcb,sg,pareferencefileprocessorjcb,sg
pareferencefileprocessormastercard,sg,pareferencefileprocessormastercard,sg
pareferencefileprocessormastercard,nl,pareferencefileprocessormastercard,nl
pareferencefileprocessormastercard,hk,pareferencefileprocessormastercard,hk
pareferencefileprocessorvisa,nl,pareferencefileprocessorvisa,nl
pareferencefileprocessorvisa,hk,pareferencefileprocessorvisa,hk
pareferencefileprocessorvisa,sg,pareferencefileprocessorvisa,sg
pareportgeneration,unknown,pareportgeneration,unknown
paroutingengine,us,paroutingengine,us
paroutingengine,sg,paroutingengine,sg
paroutingengine,hk,paroutingengine,hk
paroutingengine,nl,paroutingengine,nl
paschedule,nl,paschedule,nl
paschedule,hk,paschedule,hk
paschedule,sg,paschedule,sg
paschedule,us,paschedule,us
patokeninterceptor,nl,patokeninterceptor,nl
patokeninterceptor,sg,patokeninterceptor,sg
patokeninterceptor,hk,patokeninterceptor,hk
patokeninterceptor,us,patokeninterceptor,us
patokenservice,us,patokenservice,us
patokenservice,nl,patokenservice,nl
patokenservice,hk,patokenservice,hk
patokenservice,sg,patokenservice,sg
patspgateway,sg,patspgateway,sg
patspgateway,nl,patspgateway,nl
patspgateway,hk,patspgateway,hk
patspgateway,us,patspgateway,us
patspnotificationhook,hk,patspnotificationhook,hk
patsponboardgateway,hk,patsponboardgateway,hk
patsponboardgateway,us,patsponboardgateway,us
patsponboardgateway,nl,patsponboardgateway,nl
patsponboardgateway,sg,patsponboardgateway,sg
patsprequestormanagement,nl,patsprequestormanagement,nl
patsprequestormanagement,us,patsprequestormanagement,us
patsprequestormanagement,hk,patsprequestormanagement,hk
patsprequestormanagement,sg,patsprequestormanagement,sg
pavisacostengine,nl,pavisacostengine,nl
pavisacostengine,sg,pavisacostengine,sg
pavisacostengine,hk,pavisacostengine,hk
pavisaetl,hk,pavisaetl,hk
pavisaetl,nl,pavisaetl,nl
pavisaetl,sg,pavisaetl,sg
pawalletverification,hk,pawalletverification,hk
pawalletverification,sg,pawalletverification,sg
pawalletverification,us,pawalletverification,us
pawalletverification,nl,pawalletverification,nl
pawebappgraphql,sg,pawebappgraphql,sg
pawebappgraphql,hk,pawebappgraphql,hk
pawebappgraphql,nl,pawebappgraphql,nl
pawebhookairwallexpay,nl,pawebhookairwallexpay,nl
pawebhookairwallexpay,hk,pawebhookairwallexpay,hk
pawebhookairwallexpay,sg,pawebhookairwallexpay,sg
pawebhookairwallexpay,us,pawebhookairwallexpay,us
pawebhookalipay,hk,pawebhookalipay,hk
pawebhookalipay,nl,pawebhookalipay,nl
pawebhookalipay,sg,pawebhookalipay,sg
pawebhookalipay,us,pawebhookalipay,us
pawebhookatome,nl,pawebhookatome,nl
pawebhookatome,hk,pawebhookatome,hk
pawebhookatome,us,pawebhookatome,us
pawebhookatome,sg,pawebhookatome,sg
pawebhookdirectdebit,sg,pawebhookdirectdebit,sg
pawebhookdirectdebit,hk,pawebhookdirectdebit,hk
pawebhookdirectdebit,nl,pawebhookdirectdebit,nl
pawebhookdirectdebit,us,pawebhookdirectdebit,us
pawebhookfps,hk,pawebhookfps,hk
pawebhookfps,nl,pawebhookfps,nl
pawebhookfps,sg,pawebhookfps,sg
pawebhookfps,us,pawebhookfps,us
pawebhookkcp,nl,pawebhookkcp,nl
pawebhookkcp,us,pawebhookkcp,us
pawebhookkcp,hk,pawebhookkcp,hk
pawebhookkcp,sg,pawebhookkcp,sg
pawebhookklarna,us,pawebhookklarna,us
pawebhookklarna,nl,pawebhookklarna,nl
pawebhookklarna,hk,pawebhookklarna,hk
pawebhookklarna,sg,pawebhookklarna,sg
pawebhookmolpay,sg,pawebhookmolpay,sg
pawebhookmolpay,nl,pawebhookmolpay,nl
pawebhookmolpay,hk,pawebhookmolpay,hk
pawebhookmolpay,us,pawebhookmolpay,us
pawebhookppro,us,pawebhookppro,us
pawebhookppro,sg,pawebhookppro,sg
pawebhookppro,hk,pawebhookppro,hk
pawebhookppro,nl,pawebhookppro,nl
pawebhookwxpay,nl,pawebhookwxpay,nl
pawebhookwxpay,sg,pawebhookwxpay,sg
pawebhookwxpay,hk,pawebhookwxpay,hk
paymentsysteminfo,hk,paymentsysteminfo,hk
paymentsysteminfo,sg,paymentsysteminfo,sg
payoutgraphql,hk,payoutgraphql,hk
payoutgraphql,sg,payoutgraphql,sg
payoutorder,sg,payoutorder,sg
payoutorder,hk,payoutorder,hk
platform-tooling-service,sg,platform-tooling-service,sg
platform-tooling-service,hk,platform-tooling-service,hk
prod-app-fee-engine,sg,prod-app-fee-engine,sg
prod-balance-monitor,sg,prod-balance-monitor,sg
prod-balance-notification,sg,prod-balance-notification,sg
prod-client-wallet-events,sg,prod-client-wallet-events,sg
prod-client-wallet-v2,sg,prod-client-wallet-v2,sg
prod-client-wallet-v3,sg,prod-client-wallet-v3,sg
prod-client-wallet-v3-event-service,sg,prod-client-wallet-v3-event-service,sg
prod-core-banking-api-gateway,sg,prod-core-banking-api-gateway,sg
prod-funding-source-service,sg,prod-funding-source-service,sg
prod-lending-service,sg,prod-lending-service,sg
prod-order-aggregation-service,sg,prod-order-aggregation-service,sg
prod-report-concierge-service,sg,prod-report-concierge-service,sg
prod-sg-aggregator-v2,unknown,prod-sg-aggregator-v2,unknown
prod-sg-conversion-processor,unknown,prod-sg-conversion-processor,unknown
prod-sg-revenue-processor,unknown,prod-sg-revenue-processor,unknown
prod-sg-wallet-event-listener,unknown,prod-sg-wallet-event-listener,unknown
prod-subwallet-management-api,sg,prod-subwallet-management-api,sg
psd2-tokenio-adaptor,nl,psd2-tokenio-adaptor,nl
public-graphql-search,hk,public-graphql-search,hk
quickbooksonlinepaymentfeeds,sg,quickbooksonlinepaymentfeeds,sg
quickbooksonlinepaymentfeeds,hk,quickbooksonlinepaymentfeeds,hk
quote-trade-publisher,unknown,quote-trade-publisher,unknown
rabbitmq:event_global,sg,rabbitmq:event_global,sg
rabbitmq:event_global,alihk,rabbitmq:event_global,alihk
rabbitmq:event_receiver,alihk,rabbitmq:event_receiver,alihk
rabbitmq:event_receiver,sg,rabbitmq:event_receiver,sg
raildatamgntservice,hk,raildatamgntservice,hk
raildatamgntservice,unknown,raildatamgntservice,unknown
railsanz,sg,railsanz,sg
railsanznz,hk,railsanznz,hk
railsapigateway,sg,railsapigateway,sg
railsapigateway,hk,railsapigateway,hk
railsbarclays,hk,railsbarclays,hk
railscc,hk,railscc,hk
railschinapay,hk,railschinapay,hk
railschinapnrv2,hk,railschinapnrv2,hk
railsdcb,sg,railsdcb,sg
railsdlocal,sg,railsdlocal,sg
railsevolve,hk,railsevolve,hk
railsewb,hk,railsewb,hk
railsgateway,sg,railsgateway,sg
railsgateway,hk,railsgateway,hk
railsgatewayconnectors,sg,railsgatewayconnectors,sg
railsgatewayopscenter,sg,railsgatewayopscenter,sg
railsgatewayprocessors,sg,railsgatewayprocessors,sg
railsgocardless,sg,railsgocardless,sg
railsjpm,sg,railsjpm,sg
railslhv,hk,railslhv,hk
railsmaybank,sg,railsmaybank,sg
railsmodulr,sg,railsmodulr,sg
railsmufg,hk,railsmufg,hk
railspanasia,hk,railspanasia,hk
railsqbc,hk,railsqbc,hk
railsscb,hk,railsscb,hk
railstransfast,hk,railstransfast,hk
railsyesbank,sg,railsyesbank,sg
ref-rates-feed,unknown,ref-rates-feed,unknown
ref-rates-feed-eu,unknown,ref-rates-feed-eu,unknown
reportconciergeservice,nl,reportconciergeservice,nl
rfi-service,sg,rfi-service,sg
rfi-service,hk,rfi-service,hk
rfi-webapp-service,sg,rfi-webapp-service,sg
rfi-webapp-service,hk,rfi-webapp-service,hk
risk-common-bff-service,sg,risk-common-bff-service,sg
risk-common-bff-service,hk,risk-common-bff-service,hk
risk-data-service,nl,risk-data-service,nl
risk-data-service,sg,risk-data-service,sg
risk-data-service,alihk,risk-data-service,alihk
risk-decision-service,unknown,risk-decision-service,unknown
risk-decision-service,us,risk-decision-service,us
risk-decision-service,sg,risk-decision-service,sg
risk-decision-service,nl,risk-decision-service,nl
risk-decision-service,hk,risk-decision-service,hk
risk-decision-service-flashsale,unknown,risk-decision-service-flashsale,unknown
risk-decision-service-flashsale,hk,risk-decision-service-flashsale,hk
risk-decision-service-issuing,sg,risk-decision-service-issuing,sg
risk-decision-service-issuing,us,risk-decision-service-issuing,us
risk-industry-category-service,sg,risk-industry-category-service,sg
risk-industry-category-service,hk,risk-industry-category-service,hk
risk-kyb-adaptor-service,hk,risk-kyb-adaptor-service,hk
risk-kyb-airboard-service,hk,risk-kyb-airboard-service,hk
risk-kyb-service,sg,risk-kyb-service,sg
risk-kyb-service,hk,risk-kyb-service,hk
risk-name-screening-management,hk,risk-name-screening-management,hk
risk-name-screening-management,sg,risk-name-screening-management,sg
risk-name-screening-service,hk,risk-name-screening-service,hk
risk-name-screening-service,sg,risk-name-screening-service,sg
risk-post-monitoring,hk,risk-post-monitoring,hk
risk-post-monitoring,sg,risk-post-monitoring,sg
risk-rule-management-service,nl,risk-rule-management-service,nl
risk-rule-management-service,hk,risk-rule-management-service,hk
risk-rule-management-service,us,risk-rule-management-service,us
risk-rule-management-service,sg,risk-rule-management-service,sg
risk-signifyd-adaptor,nl,risk-signifyd-adaptor,nl
risk-signifyd-adaptor,us,risk-signifyd-adaptor,us
risk-signifyd-adaptor,sg,risk-signifyd-adaptor,sg
risk-signifyd-adaptor,hk,risk-signifyd-adaptor,hk
risk-web-scanner,sg,risk-web-scanner,sg
risk-web-scanner,hk,risk-web-scanner,hk
riskreserve,nl,riskreserve,nl
riskreserve,sg,riskreserve,sg
riskreserve,hk,riskreserve,hk
rules-engine,alihk,rules-engine,alihk
rulesengine,sg,rulesengine,sg
safeguarding-worker,sg,safeguarding-worker,sg
safeguarding-worker,hk,safeguarding-worker,hk
sanction-screening,hk,sanction-screening,hk
scale-connect-service,hk,scale-connect-service,hk
scale-connect-service,sg,scale-connect-service,sg
scale-fee-service,hk,scale-fee-service,hk
scale-fee-service,sg,scale-fee-service,sg
scale-fund-transfer-api,sg,scale-fund-transfer-api,sg
scale-fund-transfer-api,hk,scale-fund-transfer-api,hk
scale-notification-service,hk,scale-notification-service,hk
scale-notification-service,sg,scale-notification-service,sg
scale-reporting-service,sg,scale-reporting-service,sg
scale-reporting-service,hk,scale-reporting-service,hk
scale-webapp-service,hk,scale-webapp-service,hk
scalescheduler,hk,scalescheduler,hk
scalescheduler,sg,scalescheduler,sg
seaorderreportservice,hk,seaorderreportservice,hk
search-service,sg,search-service,sg
search-service,hk,search-service,hk
settlement-scheduler,unknown,settlement-scheduler,unknown
sme-api-prod,sg,sme-api-prod,sg
sme-api-prod,hk,sme-api-prod,hk
sme-converter-prod,sg,sme-converter-prod,sg
sme-converter-prod,hk,sme-converter-prod,hk
sme-pricing-api-shim-prod,sg,sme-pricing-api-shim-prod,sg
sme-pricing-api-shim-prod,hk,sme-pricing-api-shim-prod,hk
sme-sync-service-api-prod,hk,sme-sync-service-api-prod,hk
sme-sync-service-api-prod,sg,sme-sync-service-api-prod,sg
spend-accounting-data-prod,sg,spend-accounting-data-prod,sg
spend-accounting-data-prod,hk,spend-accounting-data-prod,hk
spend-approvals-api-prod,sg,spend-approvals-api-prod,sg
spend-approvals-api-prod,hk,spend-approvals-api-prod,hk
spend-approvals-converter-prod,sg,spend-approvals-converter-prod,sg
spend-approvals-converter-prod,hk,spend-approvals-converter-prod,hk
spend-custom-accounting-data-prod,sg,spend-custom-accounting-data-prod,sg
spend-custom-accounting-data-prod,hk,spend-custom-accounting-data-prod,hk
spend-extraction-prod,hk,spend-extraction-prod,hk
spend-extraction-prod,sg,spend-extraction-prod,sg
spend-management-service-prod,hk,spend-management-service-prod,hk
spend-management-service-prod,sg,spend-management-service-prod,sg
spend-management-sync-service-prod,hk,spend-management-sync-service-prod,hk
spend-management-sync-service-prod,sg,spend-management-sync-service-prod,sg
spend-netsuite-sync-prod,hk,spend-netsuite-sync-prod,hk
spend-netsuite-sync-prod,sg,spend-netsuite-sync-prod,sg
spend-quickbooks-sync-prod,hk,spend-quickbooks-sync-prod,hk
spend-quickbooks-sync-prod,sg,spend-quickbooks-sync-prod,sg
spend-reporting-prod,sg,spend-reporting-prod,sg
spend-reporting-prod,hk,spend-reporting-prod,hk
spend-xero-sync-prod,sg,spend-xero-sync-prod,sg
spend-xero-sync-prod,hk,spend-xero-sync-prod,hk
task-banner-service,hk,task-banner-service,hk
task-banner-service,sg,task-banner-service,sg
tm-decision-engine,alihk,tm-decision-engine,alihk
tm-decision-engine,sg,tm-decision-engine,sg
tm-list-management,nl,tm-list-management,nl
tm-list-management,us,tm-list-management,us
tm-list-management,hk,tm-list-management,hk
tm-list-management,sg,tm-list-management,sg
tm-name-screening-service,alihk,tm-name-screening-service,alihk
tm-name-screening-service,sg,tm-name-screening-service,sg
tm-transaction-processor,nl,tm-transaction-processor,nl
tm-transaction-processor,sg,tm-transaction-processor,sg
tm-transaction-processor,us,tm-transaction-processor,us
tm-transaction-processor,alihk,tm-transaction-processor,alihk
tm-transaction-processor-issuing,sg,tm-transaction-processor-issuing,sg
tm-transaction-processor-issuing,us,tm-transaction-processor-issuing,us
trade-event-service,unknown,trade-event-service,unknown
uam-airboard,unknown,uam-airboard,unknown
uam-airboard,sg,uam-airboard,sg
uam-airboard,hk,uam-airboard,hk
uam-webapp,sg,uam-webapp,sg
uam-webapp,hk,uam-webapp,hk
upsellengine,unknown,upsellengine,unknown
validationservice,hk,validationservice,hk
webapp-fraud-graphql,hk,webapp-fraud-graphql,hk
webapp-kyb-service,sg,webapp-kyb-service,sg
webapp-kyb-service,hk,webapp-kyb-service,hk
webapp-search,hk,webapp-search,hk
webapp-search,sg,webapp-search,sg
workflowengine-service,sg,workflowengine-service,sg
workflowengine-service,hk,workflowengine-service,hk
xero-config-svc-prod,hk,xero-config-svc-prod,hk
xero-config-svc-prod,sg,xero-config-svc-prod,sg
xeroonlinepaymentfeeds,hk,xeroonlinepaymentfeeds,hk
xeroonlinepaymentfeeds,sg,xeroonlinepaymentfeeds,sg
xeropaymentservice,hk,xeropaymentservice,hk
